first_name,id,petType,foundation
Flynn,1,"Dunnart, fat-tailed",8/8/2013
Keri,2,Knob-nosed goose,7/19/2019
Tod,3,"Lemur, ring-tailed",4/13/2018
Edwin,4,Northern fur seal,5/4/2018
Cassandra,5,"Lion, california sea",9/19/2015
Darb,6,Red squirrel,11/29/2016
Josh,7,Ferruginous hawk,5/16/2014
Marigold,8,"Elk, Wapiti",10/4/2016
Barn,9,"Skink, african",10/7/2016
Glen,10,Alpaca,3/11/2019
Prentice,11,White rhinoceros,3/14/2016
Alf,12,Red-capped cardinal,1/10/2015
Lurline,13,"Dragon, western bearded",10/8/2013
Corabelle,14,Two-toed sloth,3/28/2014
Elly,15,"Goose, snow",11/18/2012
Arnuad,16,Manatee,7/12/2013
Ingaberg,17,Wood pigeon,9/18/2017
Auria,18,Long-finned pilot whale,1/13/2017
Osborne,19,"Deer, roe",4/6/2016
Cathyleen,20,"Fox, crab-eating",6/9/2017
Valaria,21,"Jaeger, long-tailed",4/2/2018
Taber,22,Jaguarundi,9/23/2012
Reinold,23,"Rattlesnake, eastern diamondback",11/28/2013
Theadora,24,Giant armadillo,2/1/2017
Valma,25,"Lapwing, southern",12/31/2013
Ally,26,Black-necked stork,11/28/2015
Delores,27,Black swan,7/22/2014
Alvera,28,"Dragon, ornate rock",1/1/2016
Patrizio,29,"Turkey, common",3/20/2016
Micaela,30,Galapagos sea lion,4/5/2013
Hale,31,"Egret, cattle",3/3/2015
Alexandre,32,Malabar squirrel,12/5/2012
Towny,33,White-browed owl,8/16/2017
Hedvige,34,African fish eagle,10/20/2017
Panchito,35,Purple moorhen,7/26/2016
Gustave,36,Klipspringer,4/17/2019
Ciel,37,Coqui francolin,10/8/2012
Berti,38,"Chickadee, black-capped",1/2/2019
Elizabet,39,"Wapiti, elk,",10/20/2017
Hakeem,40,Asian water buffalo,2/3/2018
Nathanael,41,"Iguana, marine",5/1/2016
Alan,42,"Tarantula, salmon pink bird eater",12/17/2018
Paulita,43,"Kudu, greater",5/6/2014
Walther,44,Ant (unidentified),1/14/2015
Felicity,45,Caribou,10/10/2018
Ludovika,46,"Wallaby, agile",8/12/2019
Yvonne,47,"Deer, spotted",2/6/2018
Arlene,48,Asian foreset tortoise,10/27/2015
Charlton,49,"Corella, long-billed",3/31/2017
Zarla,50,Bleeding heart monkey,11/9/2015
Ralf,51,Ringtail cat,11/6/2018
Tammi,52,Hanuman langur,5/19/2016
Dietrich,53,"Raven, cape",12/9/2016
Prissie,54,Osprey,3/11/2017
Lewiss,55,Savannah deer,7/6/2015
Adrea,56,"Antelope, four-horned",9/9/2016
Carita,57,"Spurfowl, yellow-necked",10/7/2014
Byron,58,"Squirrel, european red",6/16/2018
Brianne,59,"Squirrel, smith's bush",3/31/2013
Yanaton,60,"Buffalo, african",10/11/2018
Felisha,61,"Bustard, denham's",1/10/2013
Pier,62,Lappet-faced vulture,2/22/2014
Wilma,63,"Heron, little",12/14/2014
Sherri,64,Red-necked phalarope,11/21/2015
Min,65,"Bat, little brown",1/31/2017
Minda,66,Black-footed ferret,9/1/2018
Jake,67,European beaver,4/11/2019
Junina,68,Rainbow lory,3/25/2013
Grethel,69,"Vulture, turkey",4/1/2019
Alejandrina,70,Stick insect,6/22/2013
Garnet,71,Roseate cockatoo,3/1/2015
Marcelia,72,Steenbuck,8/3/2014
Lon,73,Dama wallaby,6/5/2015
Martie,74,"Kangaroo, brush-tailed rat",2/19/2016
Cherry,75,"Crow, house",10/19/2012
Everard,76,Guerza,5/30/2018
Lynette,77,Malay squirrel (unidentified),11/15/2016
Diego,78,"Jackrabbit, white-tailed",7/26/2015
Johnnie,79,"Hornbill, red-billed",4/26/2015
Robby,80,"Duck, comb",5/31/2014
Marjorie,81,"Woodcock, american",5/23/2014
Wilden,82,"Starfish, crown of thorns",6/1/2019
Catarina,83,Common brushtail possum,5/15/2015
Oran,84,Black-throated cardinal,4/23/2017
Martie,85,Paca,12/21/2014
Myrtie,86,Japanese macaque,10/29/2012
Marsiella,87,"Butterfly, tropical buckeye",3/1/2017
Gage,88,"Gull, lava",2/10/2019
Brunhilda,89,House crow,8/10/2018
Merilyn,90,Jaguar,1/20/2015
Joyann,91,"Deer, barasingha",6/17/2014
Maggi,92,"Deer, red",2/7/2018
Eleonore,93,"Cat, native",12/7/2018
Orson,94,"Stork, marabou",6/6/2019
Dwain,95,Brazilian tapir,10/16/2018
Sarette,96,"Owl, australian masked",10/27/2012
Paco,97,"Heron, green-backed",3/10/2018
Cort,98,Rock dove,8/7/2017
Peterus,99,"Weaver, red-billed buffalo",2/15/2017
Cyril,100,"Tortoise, burmese black mountain",3/31/2015
Jenilee,101,Eurasian beaver,1/28/2016
Hastie,102,Gambel's quail,9/15/2014
Fawn,103,Common mynah,6/20/2016
Brod,104,"Gull, lava",9/14/2013
Maire,105,Common zorro,11/1/2018
Gerhardt,106,Red-capped cardinal,3/17/2014
Kinny,107,Asian false vampire bat,1/31/2015
Emmye,108,"Stork, openbill",4/8/2017
Randolf,109,"Dove, white-winged",2/14/2013
Helaine,110,African porcupine,6/10/2014
Lisette,111,Openbill stork,8/31/2017
Suzanne,112,"Gorilla, western lowland",6/14/2014
Barret,113,Common wombat,9/4/2013
Wilona,114,Blue catfish,10/26/2014
Harriett,115,Snake-necked turtle,9/24/2018
Dmitri,116,"Godwit, hudsonian",9/2/2014
Jerrome,117,"Langur, common",6/15/2013
Goraud,118,"Stork, woolly-necked",2/15/2013
Adriane,119,Southern right whale,11/28/2014
Pren,120,Moose,5/8/2013
Crosby,121,Monitor lizard (unidentified),6/4/2014
Willdon,122,Urial,2/24/2015
Veronika,123,"Mynah, common",1/24/2019
Marice,124,"Kite, black",7/29/2016
Panchito,125,Short-nosed bandicoot,9/14/2013
Alyce,126,"Loris, slender",5/5/2015
Torrie,127,"Grebe, little",5/17/2015
Delmor,128,Desert kangaroo rat,10/5/2015
Cordelie,129,Grey-footed squirrel,12/14/2015
Zak,130,"Dove, rock",11/29/2018
Maressa,131,Galapagos mockingbird,3/11/2015
Sharon,132,Gila monster,3/22/2014
Barr,133,"Swan, trumpeter",4/14/2015
Ramonda,134,Red-winged hawk (unidentified),2/21/2014
Matthias,135,"Deer, spotted",2/24/2013
Marilin,136,Chameleon (unidentified),8/19/2014
Justine,137,Black-crowned crane,6/9/2013
Vernice,138,Blue and yellow macaw,4/11/2018
Burtie,139,"Monkey, black spider",3/31/2013
Bryna,140,"Dog, black-tailed prairie",6/6/2014
Boigie,141,"Salmon, sockeye",7/9/2017
Aleece,142,Black-crowned crane,11/21/2016
Zerk,143,"Deer, roe",8/2/2018
Laney,144,Cattle egret,11/15/2013
Patrizia,145,"Tenrec, tailless",3/27/2015
Bendix,146,"Lorikeet, scaly-breasted",10/16/2013
Martainn,147,Palm squirrel,12/24/2016
Morton,148,"Jackal, black-backed",8/20/2019
Harbert,149,Knob-nosed goose,5/6/2015
Town,150,Eastern diamondback rattlesnake,1/18/2013
Dal,151,"Pademelon, red-legged",9/10/2012
Curtice,152,Waved albatross,5/31/2016
Nissa,153,"Dolphin, bottle-nose",5/27/2018
Ryun,154,"Jackal, asiatic",3/26/2013
Cosmo,155,Black-backed jackal,12/20/2012
Lora,156,"Oryx, beisa",11/28/2014
Charlene,157,"Roller, lilac-breasted",11/12/2017
Arlin,158,Giant armadillo,4/26/2015
Lizette,159,"Jackal, silver-backed",4/16/2018
Nevin,160,Bontebok,6/12/2016
Josefina,161,Yellow mongoose,4/29/2015
Ora,162,Asian elephant,12/9/2015
Katherine,163,Four-spotted skimmer,10/1/2016
Dorothea,164,Guanaco,3/19/2016
Erika,165,Rhesus macaque,1/19/2019
Dorey,166,"Bear, american black",12/18/2016
Merrel,167,"Parrot, hawk-headed",6/7/2014
Dulsea,168,Western pygmy possum,12/5/2013
Papagena,169,"Crane, black-crowned",6/8/2015
Kellia,170,"Wagtail, african pied",4/2/2019
Chastity,171,"Sheep, stone",6/1/2013
Vina,172,Asian foreset tortoise,8/26/2014
Maggee,173,Long-tailed spotted cat,11/3/2012
Ana,174,"Sloth, two-toed tree",5/20/2015
Arnoldo,175,Blue-faced booby,8/7/2016
Tades,176,Eastern boa constrictor,10/25/2018
Roseline,177,Common shelduck,8/23/2019
Dael,178,Giant anteater,9/22/2017
Huntley,179,Meerkat,6/22/2017
Bowie,180,Pronghorn,12/16/2015
Nikkie,181,Bobcat,3/18/2014
Cody,182,"Capuchin, brown",2/2/2013
Caryl,183,"Hawk, ferruginous",2/20/2014
Riannon,184,"Pheasant, common",8/31/2013
Deonne,185,"Avocet, pied",12/11/2012
Candida,186,"Trumpeter, dark-winged",7/22/2014
Laney,187,"Otter, small-clawed",10/17/2017
Torr,188,"Leopard, indian",2/9/2015
Ursa,189,Scottish highland cow,5/27/2015
Catherine,190,"Otter, cape clawless",2/17/2016
Carlotta,191,"Stork, openbill",12/8/2016
Flo,192,Four-horned antelope,2/22/2013
Margarita,193,Greater adjutant stork,11/22/2014
Odelinda,194,Common boubou shrike,10/15/2016
Casey,195,Masked booby,10/23/2015
Jean,196,African polecat,7/15/2013
Florenza,197,Emu,8/21/2013
Conrad,198,"Crow, pied",9/23/2013
Fredrick,199,African lion,3/19/2019
Bili,200,"Monkey, red howler",11/22/2016
Rosalinde,201,"Fowl, helmeted guinea",7/2/2015
Salim,202,"Whale, long-finned pilot",1/26/2019
Marc,203,Canadian tiger swallowtail butterfly,11/21/2012
Velma,204,Mexican boa,8/26/2018
May,205,Tokay gecko,12/29/2015
Dede,206,"Monster, gila",9/18/2017
Venita,207,"Grenadier, common",3/6/2013
Johna,208,"Cat, tiger",5/10/2015
Quentin,209,Roe deer,10/16/2015
Myrah,210,"Duck, blue",3/27/2019
Sandi,211,"Bleu, red-cheeked cordon",7/9/2018
Jeri,212,"Loris, slender",4/8/2016
Craggie,213,"Otter, cape clawless",6/3/2013
Tina,214,Pale white-eye,1/30/2019
Chaddie,215,"Egret, cattle",12/16/2015
Frieda,216,"Baboon, olive",4/5/2015
Noland,217,"Lory, rainbow",2/2/2014
Danyelle,218,"Rhinoceros, black",5/27/2017
Nappy,219,Sea birds (unidentified),4/1/2017
Hortensia,220,"Quoll, spotted-tailed",4/11/2017
Catlin,221,Paddy heron (unidentified),5/16/2018
Krystle,222,"Parakeet, rose-ringed",10/11/2016
Bing,223,Worm snake (unidentified),12/23/2013
Cecil,224,Eastern quoll,7/19/2017
Rabbi,225,Eurasian badger,1/15/2015
Charla,226,Four-spotted skimmer,3/25/2015
Karylin,227,Lappet-faced vulture,5/13/2017
Stanly,228,"Goose, spur-winged",10/22/2015
Hedda,229,Secretary bird,9/23/2017
Alvin,230,"Elk, Wapiti",12/18/2015
Dillie,231,"Nighthawk, common",7/22/2018
Ben,232,Agile wallaby,7/16/2017
Corby,233,"Lourie, grey",11/7/2016
Benedikta,234,"Turtle, long-necked",11/23/2017
Evey,235,Cattle egret,3/2/2015
Binni,236,Red squirrel,11/20/2016
Lukas,237,"Seal, harbor",12/11/2015
Diego,238,Gaur,1/3/2015
Leena,239,Red-cheeked cordon bleu,10/8/2012
Francisca,240,White-nosed coatimundi,5/9/2014
Koral,241,Roan antelope,9/8/2016
Jedidiah,242,Columbian rainbow boa,6/26/2013
Rowan,243,"Pigeon, wood",7/24/2017
Suzanna,244,Long-nosed bandicoot,2/25/2013
Bidget,245,"Raccoon, crab-eating",5/29/2017
Annadiana,246,Canadian river otter,1/18/2018
Lynnell,247,"Rhea, common",12/27/2014
Bobbette,248,Galapagos albatross,8/3/2018
Vinnie,249,"Raccoon, crab-eating",4/17/2013
Theodore,250,White-browed sparrow weaver,3/16/2013
Reuven,251,"Hawk, galapagos",12/12/2017
Cosme,252,Grey heron,6/19/2019
Analiese,253,"Flicker, field",7/5/2018
Henri,254,"White-eye, pale",5/8/2014
Jodi,255,Gray rhea,1/31/2019
Armstrong,256,African skink,9/15/2013
Domini,257,Black-tailed prairie dog,11/8/2017
Basilius,258,Pig-tailed macaque,9/10/2013
Aurelie,259,Malachite kingfisher,9/27/2013
Flor,260,Weeper capuchin,7/18/2017
Dalli,261,Emu,3/16/2018
Hali,262,Green-winged trumpeter,4/24/2015
Clarissa,263,"Goose, snow",11/9/2016
Claudell,264,"Owl, burrowing",10/8/2016
Lyndy,265,European shelduck,8/17/2013
Ferne,266,Paddy heron (unidentified),3/19/2016
Griffy,267,Savannah deer (unidentified),10/10/2018
Winna,268,"Camel, dromedary",5/28/2019
Brok,269,Two-toed sloth,6/10/2018
Melisandra,270,Campo flicker,12/29/2012
Dixie,271,"Fowl, helmeted guinea",1/3/2018
Jamey,272,Common melba finch,11/23/2017
Verene,273,"Baboon, olive",1/25/2016
Aguistin,274,Anaconda (unidentified),11/6/2017
Emogene,275,Silver-backed jackal,6/19/2013
Boyce,276,"Legaan, ground",2/4/2013
Josepha,277,Leadbeateri's ground hornbill,8/20/2014
Lenna,278,American bighorn sheep,9/17/2017
Samuele,279,Helmeted guinea fowl,7/7/2018
Gertrudis,280,"Deer, spotted",5/31/2015
Morris,281,African darter,3/23/2015
Caldwell,282,Two-toed tree sloth,4/28/2013
Audrey,283,Little brown bat,2/3/2013
Winni,284,Currasow (unidentified),10/6/2013
Dyan,285,"Heron, boat-billed",2/27/2013
Merrill,286,Honey badger,6/5/2016
Rosabel,287,"Legaan, ground",3/20/2017
Elyse,288,Crested porcupine,6/12/2019
Magnum,289,"Rhea, greater",3/5/2017
Jeniece,290,Long-billed corella,5/22/2014
Wylma,291,"Monitor, water",7/23/2019
Ashlin,292,Common zorro,6/10/2019
Justino,293,"Ibis, glossy",9/24/2015
Carly,294,Indian jackal,1/16/2018
Antoine,295,White-browed sparrow weaver,6/3/2015
Paule,296,"Rhea, greater",4/15/2013
Robinette,297,"Barbet, black-collared",4/8/2015
Cecilla,298,"Hornbill, yellow-billed",9/8/2018
Edgard,299,"Skua, great",8/8/2019
Ky,300,Richardson's ground squirrel,3/29/2018
Sybille,301,"Duiker, common",11/18/2014
Nora,302,Honey badger,12/8/2016
Any,303,Greater rhea,12/14/2017
Hermann,304,Greater blue-eared starling,4/24/2014
Vincenz,305,"Wallaby, river",3/29/2013
Frederigo,306,Levaillant's barbet,5/5/2014
Elyssa,307,Kori bustard,2/15/2016
Shepherd,308,"Flamingo, lesser",1/25/2018
Dana,309,"Kangaroo, jungle",1/2/2015
Claiborne,310,"Stork, white",11/1/2015
Simeon,311,Turkey vulture,11/11/2014
Eugen,312,Galapagos dove,8/5/2018
Everard,313,Gelada baboon,4/21/2016
Zitella,314,"Starfish, crown of thorns",6/12/2017
Hervey,315,Trumpeter swan,12/19/2017
Fredrika,316,"Weaver, lesser masked",2/4/2017
Erma,317,"Langur, gray",5/2/2018
Latrina,318,Harbor seal,12/12/2016
Sile,319,Koala,3/8/2014
Gratia,320,Caracal,2/24/2014
Betta,321,Wild boar,7/4/2015
Vincenz,322,Malleefowl,3/30/2013
Jobie,323,Australian pelican,1/21/2017
Cecilius,324,Raccoon dog,2/4/2015
Cassaundra,325,Yellow-throated sandgrouse,8/24/2018
Mathian,326,Greater kudu,7/27/2014
Nevin,327,Blue-faced booby,11/21/2014
Guido,328,"Trotter, lily",4/19/2019
Vanny,329,"Squirrel, african bush",4/18/2015
Hyacinthie,330,"Seal, common",11/22/2012
Katleen,331,Blue fox,7/31/2019
Terrye,332,"Deer, black-tailed",8/30/2013
Abby,333,Eastern quoll,4/21/2017
Giulia,334,"Goldeneye, barrows",11/7/2014
Kamillah,335,Andean goose,6/19/2018
Kristy,336,"Ibis, puna",10/30/2014
Rona,337,"Wallaby, dama",9/19/2016
Marjorie,338,"Cliffchat, mocking",9/2/2016
Alberik,339,Sable antelope,3/4/2018
Renault,340,Roseat flamingo,2/16/2016
Boigie,341,"Ass, asiatic wild",10/24/2013
Kristy,342,Black-eyed bulbul,3/2/2017
Rosabella,343,"Weaver, chestnut",7/23/2017
Erwin,344,Secretary bird,1/30/2016
Edita,345,Pygmy possum,2/23/2016
Wendel,346,"Wolf, common",3/18/2015
Justinian,347,"Toucan, red-billed",5/20/2013
Keely,348,African black crake,9/2/2017
Gabbie,349,Native cat,3/28/2014
Baillie,350,"Owl, madagascar hawk",5/27/2016
Karly,351,"Flamingo, greater",3/5/2013
Fielding,352,Arctic ground squirrel,1/9/2017
Laina,353,Nile crocodile,6/7/2019
Carolyne,354,Antelope ground squirrel,11/2/2017
Mag,355,"Bison, american",5/19/2017
Clevie,356,Mudskipper (unidentified),2/6/2017
Boothe,357,"Monkey, rhesus",8/12/2018
Rodolphe,358,Red meerkat,3/25/2014
Paulette,359,African pied wagtail,9/4/2017
Brit,360,Fisher,5/28/2015
Virgilio,361,"Rabbit, eastern cottontail",6/3/2016
Waite,362,"Gecko, barking",10/6/2013
Stefanie,363,"Curlew, black",8/11/2018
Dorey,364,Chimpanzee,3/21/2014
Junette,365,"Bettong, brush-tailed",12/2/2013
Sumner,366,"Magpie, australian",9/26/2015
Addia,367,"Dove, mourning collared",5/24/2014
Philippa,368,King vulture,12/5/2014
Culver,369,Black-tailed tree creeper,3/4/2017
Breanne,370,"Eagle, bateleur",10/7/2012
Ursa,371,"Dragon, ornate rock",3/17/2014
Merwin,372,"Puma, south american",9/21/2015
Nance,373,Asian false vampire bat,4/8/2017
Hyatt,374,Klipspringer,4/12/2017
Olenolin,375,Osprey,11/8/2013
Terri,376,Mara,12/23/2014
Gordan,377,Puna ibis,6/25/2016
Karney,378,Yellow-necked spurfowl,2/1/2016
Shandeigh,379,"Rhinoceros, white",11/23/2017
Lezley,380,"Wapiti, elk,",6/2/2017
Franny,381,"Lizard, giant girdled",10/17/2013
Koo,382,Black-necked stork,8/28/2014
Lindsay,383,"Roller, lilac-breasted",6/15/2018
Romola,384,"Bear, grizzly",8/29/2015
Mabel,385,"Waxbill, blue",11/24/2016
Dill,386,Tiger,10/4/2012
Dalt,387,Vine snake (unidentified),5/31/2019
Zarla,388,Miner's cat,4/9/2017
Cathleen,389,Black-throated cardinal,8/23/2016
Thatch,390,"Pademelon, red-legged",9/21/2018
Park,391,"Polecat, african",4/16/2019
Prinz,392,Suricate,8/10/2019
Con,393,Asian foreset tortoise,1/29/2017
Gun,394,Hottentot teal,5/5/2015
Constance,395,"Ibis, puna",5/5/2018
Finn,396,"Spider, wolf",8/16/2019
Nike,397,"Bulbul, black-eyed",7/22/2014
Mala,398,Blue racer,2/6/2018
Waldemar,399,Jungle cat,9/3/2017
Bebe,400,"Wallaby, bennett's",8/10/2019
Thomasa,401,"Tern, white-winged black",6/14/2017
Aidan,402,"Deer, white-tailed",4/29/2017
Miguel,403,Springbuck,12/10/2017
Nan,404,Eurasian beaver,8/4/2013
Thorny,405,Egyptian cobra,4/18/2018
Dorree,406,"Seal, southern elephant",2/1/2015
Cassius,407,"Deer, white-tailed",1/10/2014
Daveta,408,North American porcupine,1/22/2015
Rodney,409,"Macaw, blue and yellow",7/11/2015
Agretha,410,Two-banded monitor,11/20/2013
Isaac,411,White-lipped peccary,9/5/2012
Alex,412,"Squirrel, eurasian red",11/2/2017
Zonda,413,"Ringtail, common",3/17/2016
Elspeth,414,Two-toed sloth,7/11/2015
Ursala,415,"Pigeon, feral rock",10/1/2018
Nonna,416,Australian pelican,2/29/2016
Annmaria,417,Greater blue-eared starling,9/11/2012
Corine,418,"Jacana, african",1/18/2016
Nevin,419,"Squirrel, european red",11/3/2018
Tiena,420,"Cockatoo, slender-billed",2/18/2017
Winona,421,"Tarantula, salmon pink bird eater",1/22/2014
Adolphe,422,"Bat, asian false vampire",3/9/2019
Abdul,423,Squirrel glider,7/4/2015
Selie,424,"Kite, black",8/2/2017
Saleem,425,Water monitor,6/8/2014
Cosetta,426,Giant heron,10/1/2015
Dwayne,427,"Cat, jungle",4/29/2018
Madeline,428,Gulls (unidentified),5/28/2019
Chicky,429,Japanese macaque,11/28/2018
Elianora,430,Brush-tailed bettong,2/13/2019
Lindie,431,Puku,10/18/2017
Constancy,432,"Wambenger, red-tailed",8/26/2014
Cody,433,Mourning collared dove,1/24/2015
Robbert,434,Orca,3/21/2013
Tobias,435,River wallaby,2/8/2018
Reuven,436,"Goose, canada",2/23/2018
Yolanthe,437,"Stork, european",3/6/2016
Aubrie,438,"Lourie, grey",11/22/2015
Gardner,439,American racer,2/2/2017
Zedekiah,440,Southern ground hornbill,5/17/2017
Enid,441,Caracal,6/19/2017
Jorie,442,"Tenrec, tailless",8/9/2018
Trina,443,Common raccoon,2/4/2019
Flin,444,"Barbet, levaillant's",11/20/2016
Tatum,445,Black-tailed prairie dog,10/15/2017
Horst,446,"Iguana, common green",10/4/2016
Ambrosi,447,Common wallaroo,2/10/2015
Gwenni,448,Ornate rock dragon,7/14/2013
Nelle,449,Honey badger,5/11/2018
Jordon,450,African porcupine,11/18/2012
Renata,451,White-cheeked pintail,12/3/2018
Noll,452,Woodchuck,1/3/2018
Jenda,453,"Turaco, violet-crested",11/23/2014
D'arcy,454,White-lipped peccary,11/20/2018
Zak,455,Snowy sheathbill,3/16/2015
Pamela,456,Crested porcupine,9/6/2012
Marlie,457,Two-toed tree sloth,9/22/2017
Prisca,458,Blue and gold macaw,8/29/2019
Sashenka,459,Turtle (unidentified),10/30/2016
Leodora,460,Least chipmunk,6/25/2016
Ondrea,461,"Brocket, brown",8/31/2019
Allan,462,"Turkey, australian brush",2/1/2014
Alfie,463,"Lizard, collared",3/19/2017
Ariana,464,Levaillant's barbet,9/21/2012
Tomasine,465,"Pademelon, red-legged",9/25/2014
Donnell,466,Olive baboon,6/22/2016
Livvy,467,Small Indian mongoose,9/23/2012
Elsinore,468,Bengal vulture,5/26/2018
Kingsley,469,"Raccoon, crab-eating",9/8/2015
Udale,470,"Cat, african wild",3/3/2013
Beryle,471,Tyrant flycatcher,4/14/2013
Willi,472,"Hornbill, leadbeateri's ground",8/27/2018
Anson,473,"Tern, white-winged black",12/16/2016
Cherrita,474,Grison,2/17/2018
Colby,475,"Legaan, ground",5/13/2019
Cynthea,476,"Whale, baleen",2/27/2015
Prent,477,"Hyena, spotted",4/3/2016
Harriot,478,"Stilt, black-winged",3/27/2013
Albina,479,"Hyena, striped",5/27/2013
Jdavie,480,Blue duck,7/24/2014
Davidde,481,"Deer, roe",10/11/2013
Papagena,482,"Dove, galapagos",4/1/2013
Reynold,483,"Squirrel, pine",8/31/2015
Prue,484,Emerald-spotted wood dove,1/8/2016
Annette,485,Boat-billed heron,2/2/2019
Mariquilla,486,Greater roadrunner,2/3/2019
Saundra,487,"Crane, black-crowned",3/5/2014
Mellicent,488,"Bleu, red-cheeked cordon",8/31/2017
Kirby,489,"Mynah, common",11/24/2013
Ara,490,Tyrant flycatcher,5/23/2013
Colette,491,"Brocket, brown",6/14/2018
Gerhardt,492,"Antelope, roan",4/18/2019
Kat,493,White stork,10/6/2013
Willy,494,"Hornbill, yellow-billed",4/22/2013
Art,495,"Stork, black-necked",9/23/2012
Ulrika,496,African buffalo,12/14/2015
Minnnie,497,Black-cheeked waxbill,12/19/2016
Marketa,498,"Gazelle, grant's",5/2/2013
Sharon,499,"Crow, american",5/5/2014
Eugenia,500,"Lemur, ring-tailed",11/5/2018
Ivett,501,Lizard (unidentified),8/7/2016
Michele,502,"Crane, stanley",12/9/2015
Anatole,503,"Booby, blue-faced",11/15/2016
Rikki,504,Yellow-necked spurfowl,3/3/2016
Arther,505,Ovenbird,10/17/2014
Micaela,506,Javan gold-spotted mongoose,1/19/2013
Kaine,507,Common wombat,9/6/2014
Bette-ann,508,"Wombat, common",2/15/2016
Fabiano,509,Greater kudu,9/20/2016
Ruggiero,510,Tiger cat,7/2/2016
Nat,511,Gecko (unidentified),5/2/2013
Herc,512,"Stork, greater adjutant",6/4/2016
Ardyce,513,"Partridge, coqui",1/12/2018
Stacia,514,Southern brown bandicoot,6/7/2018
Duane,515,"Toucan, white-throated",6/22/2018
Kristen,516,House sparrow,8/6/2013
Nikos,517,"Teal, hottentot",7/15/2013
Ddene,518,"Jaeger, long-tailed",1/19/2017
Andrus,519,Red deer,12/25/2014
Walker,520,South American meadowlark (unidentified),12/21/2012
Berni,521,"Ibis, glossy",12/26/2013
Thurstan,522,"Starfish, crown of thorns",7/6/2013
Muffin,523,Common turkey,4/27/2017
Tobias,524,Oriental white-backed vulture,7/14/2015
Karalee,525,Carpet snake,9/19/2018
Robinette,526,"Lemur, grey mouse",11/1/2018
Alexio,527,Eurasian hoopoe,4/22/2017
Arline,528,"Lemur, brown",11/22/2017
Maren,529,Miner's cat,4/18/2013
Osbourne,530,Ring-tailed gecko,1/19/2018
Brit,531,Bushpig,6/2/2016
Cyndy,532,"Dik, kirk's dik",3/8/2015
Luce,533,Snake-necked turtle,3/15/2017
Karoline,534,Southern brown bandicoot,3/30/2018
Carleen,535,"Goose, spur-winged",11/20/2015
Lavena,536,"Gull, swallow-tail",4/20/2018
Shadow,537,Tasmanian devil,6/9/2016
Binni,538,"Hornbill, red-billed",2/16/2014
Hubert,539,Three-banded plover,12/4/2014
Kenneth,540,Purple moorhen,11/10/2012
Rodger,541,"Seal, common",3/26/2017
Devina,542,"Monster, gila",9/13/2018
Gwendolyn,543,"Goose, cape barren",9/6/2017
Galina,544,"Squirrel, pine",8/21/2013
Oates,545,Springhare,3/18/2013
Rebeca,546,"Gazelle, thomson's",8/4/2016
Marika,547,"Lion, australian sea",5/20/2016
Bobbye,548,"Bear, grizzly",11/28/2012
Vickie,549,"Seal, northern fur",6/1/2015
Wald,550,Puma,8/21/2013
Nariko,551,European shelduck,5/10/2015
Philipa,552,Canadian tiger swallowtail butterfly,10/12/2017
Jehanna,553,"Flamingo, roseat",12/14/2013
Amber,554,"Capuchin, weeper",6/10/2015
Zedekiah,555,Southern lapwing,5/29/2016
Neal,556,"Starling, cape",7/20/2014
Marcello,557,"Cat, cape wild",11/13/2012
Elonore,558,Canadian tiger swallowtail butterfly,4/9/2013
Augustine,559,"Snake, carpet",4/25/2018
Franz,560,Little brown dove,6/29/2017
Claudianus,561,"Dog, black-tailed prairie",4/18/2017
Shawn,562,Three-banded plover,2/10/2018
Herc,563,Oriental white-backed vulture,7/23/2018
Michail,564,"Vulture, turkey",10/26/2014
Cybil,565,Desert tortoise,2/1/2015
Fin,566,Tawny eagle,7/27/2019
Joyann,567,Alpaca,4/14/2017
Germain,568,Canadian tiger swallowtail butterfly,11/23/2016
Gavra,569,Long-tailed spotted cat,9/24/2017
Esra,570,Beisa oryx,5/9/2018
Linet,571,"Buffalo, african",11/6/2015
Mart,572,Jungle kangaroo,12/4/2016
Sheelah,573,Red-capped cardinal,5/31/2018
Misty,574,"Macaque, japanese",1/31/2017
Cam,575,Racer snake,2/7/2017
Marion,576,"Sloth, hoffman's",11/22/2016
Ardene,577,Roseat flamingo,7/4/2014
Manya,578,Gulls (unidentified),6/25/2017
Gris,579,Black-backed jackal,5/24/2017
Alexandrina,580,"Roadrunner, greater",6/10/2019
Brigitta,581,Sage grouse,7/1/2014
Corena,582,Red-necked phalarope,6/22/2018
Alvina,583,Antelope ground squirrel,6/15/2019
Lauretta,584,Red-billed tropic bird,8/25/2015
Rodney,585,Eastern cottontail rabbit,10/8/2017
Rochella,586,"Deer, red",11/5/2017
Evelina,587,"Roller, lilac-breasted",1/3/2016
Zulema,588,Dark-winged trumpeter,5/15/2014
Gabriela,589,"Elephant, asian",11/25/2012
Prue,590,Racer snake,7/31/2013
Chryste,591,"Otter, cape clawless",8/15/2018
Aliza,592,Cape starling,1/25/2019
Burr,593,Puna ibis,11/26/2017
Erika,594,Yak,2/4/2014
Faydra,595,Woylie,3/15/2014
Karel,596,Stanley crane,7/15/2018
Kitti,597,"Robin, white-throated",6/13/2014
Mada,598,Margay,5/18/2014
Mel,599,"Bat, asian false vampire",8/19/2017
Idell,600,"Dove, mourning collared",12/25/2016
Christos,601,Bleeding heart monkey,7/14/2015
Fransisco,602,Turkey vulture,4/10/2015
Dre,603,Southern boubou,10/27/2017
Josie,604,Galapagos hawk,6/27/2018
Tine,605,"Deer, roe",11/19/2014
Cynthie,606,Southern lapwing,4/13/2017
Othelia,607,"Mynah, indian",11/18/2012
Vilhelmina,608,Malleefowl,3/19/2014
Reeva,609,"Ox, musk",3/2/2019
Orville,610,Springbuck,5/11/2014
Bryn,611,"Wallaby, euro",1/3/2017
Orly,612,"Booby, blue-footed",9/11/2018
Garfield,613,White-throated kingfisher,5/1/2015
Merwyn,614,Southern lapwing,12/21/2017
Denys,615,Ground legaan,5/14/2017
Kirby,616,Common zorro,7/20/2019
Marleen,617,Greater adjutant stork,11/29/2016
Hobart,618,Oriental short-clawed otter,12/10/2016
Meade,619,Northern fur seal,6/26/2013
Freddy,620,"Turaco, violet-crested",5/9/2019
Jordan,621,"Crow, pied",9/25/2017
Chris,622,"Macaque, rhesus",10/16/2013
Waylen,623,Scottish highland cow,5/6/2013
Agretha,624,Argalis,4/9/2013
Xena,625,"Weaver, white-browed sparrow",12/24/2013
Dorri,626,Swainson's francolin,3/30/2017
Bentlee,627,"Heron, gray",1/1/2016
Aggie,628,"Rat, desert kangaroo",10/1/2018
Alfonso,629,African bush squirrel,6/5/2015
Corrina,630,Jaguar,9/29/2015
Ajay,631,"Jacana, african",3/14/2016
August,632,"Squirrel, palm",10/4/2013
Stanislaus,633,"Glider, sugar",4/3/2014
Raviv,634,Miner's cat,2/17/2015
Spike,635,"Finch, common melba",1/22/2013
Nona,636,Tasmanian devil,1/17/2014
Modestine,637,Violet-crested turaco,8/23/2015
Blisse,638,Paddy heron (unidentified),10/21/2015
Deck,639,"Anteater, australian spiny",1/3/2015
Adelheid,640,Clark's nutcracker,4/3/2015
Derry,641,American racer,12/17/2013
Claudelle,642,Gerenuk,2/4/2014
Halie,643,Black swan,9/1/2013
Mufi,644,"Flicker, campo",6/29/2019
Alexa,645,Baleen whale,2/10/2015
Rupert,646,Snake (unidentified),12/7/2015
Mona,647,"Eagle, tawny",8/26/2013
Tatum,648,"Dog, african wild",6/3/2016
Florella,649,Pale white-eye,1/26/2017
Andreas,650,"Bustard, denham's",9/27/2016
Hersch,651,Little brown dove,6/14/2013
Buiron,652,"Otter, north american river",10/12/2012
Wilma,653,Prairie falcon,9/28/2015
Aubry,654,"Cockatoo, long-billed",5/29/2014
Maris,655,Rose-ringed parakeet,7/11/2013
Lyn,656,"Puma, south american",1/16/2018
Vergil,657,Blue crane,11/21/2013
Gaston,658,Pig-tailed macaque,7/21/2019
Tobe,659,Eleven-banded armadillo (unidentified),6/1/2015
Shurlock,660,"Lizard, mexican beaded",5/29/2017
Gilligan,661,"Nighthawk, common",5/25/2019
Ellette,662,Woylie,3/2/2014
Sayres,663,Tokay gecko,10/14/2016
Reynard,664,Bushbuck,6/30/2013
Mathian,665,Numbat,9/27/2014
Oran,666,Grey mouse lemur,12/11/2015
Packston,667,Ring-tailed gecko,7/9/2013
Hodge,668,"Alligator, mississippi",2/11/2013
Farrah,669,Arboral spiny rat,7/17/2014
Bernhard,670,"Snake, green vine",7/28/2014
Erroll,671,"Heron, gray",10/31/2016
Hildegarde,672,"Deer, spotted",4/27/2018
Angeli,673,"Wapiti, elk,",9/5/2017
Jacqueline,674,"Cat, jungle",10/18/2013
Lilli,675,"Screamer, southern",1/5/2015
Tally,676,"Moorhen, purple",12/18/2014
Rosy,677,Andean goose,1/27/2013
Margery,678,"Dragon, western bearded",5/21/2013
Drugi,679,Red-knobbed coot,2/7/2015
Jessa,680,"Hartebeest, red",3/5/2013
Odella,681,"Tern, arctic",7/18/2017
Gert,682,Sable antelope,6/18/2014
Sheila,683,Llama,11/17/2012
Carlye,684,"Coatimundi, ring-tailed",12/14/2018
Cob,685,Common zorro,1/20/2013
Yehudi,686,Water legaan,6/2/2015
Elyssa,687,"Raccoon, crab-eating",4/10/2013
Lottie,688,African skink,5/2/2014
Brynne,689,Australian masked owl,1/11/2019
Thekla,690,White-winged tern,8/1/2017
Cassie,691,Blue peacock,7/17/2019
Dorey,692,Red squirrel,4/17/2017
Abigale,693,Red lava crab,7/16/2017
Deny,694,African fish eagle,4/28/2016
Maggy,695,"Wagtail, african pied",7/31/2015
Jeremie,696,Columbian rainbow boa,10/12/2015
Zonnya,697,Two-toed sloth,9/8/2013
Elvis,698,"Crake, african black",11/5/2014
Trish,699,Giant girdled lizard,1/30/2013
Ronalda,700,Vervet monkey,4/29/2017
Saree,701,"Seal, common",12/3/2014
Ferdy,702,Mexican beaded lizard,8/23/2017
Christophorus,703,"Bandicoot, short-nosed",3/2/2018
Peirce,704,"Gull, southern black-backed",7/24/2015
Darrin,705,Cobra (unidentified),12/14/2018
Nicolas,706,Asian false vampire bat,10/23/2012
Janifer,707,American beaver,12/23/2018
Eimile,708,"Sloth, two-toed",5/17/2019
Arliene,709,Ant (unidentified),12/25/2014
Carolin,710,Savannah deer,1/5/2014
Vannie,711,"Shelduck, european",8/24/2016
Maryann,712,Emerald-spotted wood dove,1/5/2017
Elicia,713,Common dolphin,6/19/2017
Elihu,714,Ground legaan,9/25/2012
Fiona,715,Common brushtail possum,6/10/2017
Bendick,716,"Dragonfly, russian",12/30/2015
Grace,717,Rainbow lory,7/24/2019
Blanche,718,Cape starling,2/4/2016
Patricio,719,Black curlew,8/24/2019
Quinn,720,Swamp deer,11/13/2016
Wilt,721,Striped hyena,6/15/2018
Winny,722,Lappet-faced vulture,11/4/2015
Sarina,723,Hummingbird (unidentified),6/4/2016
Ruthy,724,"Kangaroo, eastern grey",9/21/2015
Annmaria,725,Sally lightfoot crab,9/4/2013
Iolanthe,726,"Possum, pygmy",12/7/2012
Helaina,727,Black curlew,11/5/2013
Wyn,728,Greater kudu,9/11/2016
Phaidra,729,Australian pelican,12/2/2018
Marcus,730,White-necked raven,9/29/2014
Wanids,731,"Lynx, african",1/2/2015
Pincas,732,Asian elephant,6/30/2014
Oliviero,733,"Echidna, short-beaked",1/17/2016
Avie,734,Common dolphin,7/29/2017
Iorgo,735,Spur-winged goose,6/5/2016
Sheppard,736,Frilled lizard,3/24/2013
Jaclin,737,"Bulbul, african red-eyed",7/28/2015
Jamie,738,Bat-eared fox,3/26/2017
Artemis,739,"Drongo, fork-tailed",3/18/2015
Corinne,740,Black curlew,6/7/2013
Stefa,741,African fish eagle,11/23/2017
Kylie,742,"Lark, horned",12/23/2018
Ferrel,743,"Bustard, kori",9/12/2014
Zabrina,744,"Cat, miner's",12/4/2013
Cord,745,White-nosed coatimundi,6/26/2015
Arlin,746,"Monkey, vervet",11/29/2016
Benito,747,"Egret, great",6/21/2013
Chris,748,"Cat, tiger",12/15/2018
Rora,749,"Bleu, blue-breasted cordon",1/4/2014
Hoyt,750,Pallas's fish eagle,11/26/2016
Ursulina,751,"Vulture, white-headed",3/31/2018
Jaine,752,Netted rock dragon,9/14/2014
Kendall,753,Australian pelican,7/10/2014
Donnie,754,Caracal,10/18/2015
Andrus,755,"Lizard, giant girdled",10/21/2015
Marcello,756,Violet-crested turaco,3/14/2016
Xavier,757,Red-cheeked cordon bleu,4/27/2015
Pollyanna,758,"Badger, european",4/24/2018
Patrice,759,Red lava crab,7/9/2016
Wilona,760,"Oryx, beisa",7/27/2014
Becki,761,Red-billed toucan,1/16/2016
Gilly,762,Suricate,1/7/2015
Lyda,763,Common goldeneye,10/17/2016
Curcio,764,Coyote,5/27/2013
Britt,765,Nilgai,6/16/2016
Chelsie,766,"Dolphin, common",2/1/2017
Ambur,767,"Weaver, white-browed sparrow",5/28/2018
Gerry,768,Spotted-tailed quoll,9/12/2012
Winnie,769,"Dik, kirk's dik",11/18/2013
Sigfrid,770,Brown lemur,10/7/2018
Carline,771,Madagascar fruit bat,9/6/2015
Caty,772,"Cat, miner's",10/11/2018
Curran,773,Marine iguana,7/17/2017
Dona,774,Helmeted guinea fowl,5/27/2014
Merlina,775,"Seal, northern fur",6/27/2013
Karylin,776,"Woodpecker, downy",2/1/2013
Ashia,777,Thirteen-lined squirrel,8/25/2019
Torry,778,Desert kangaroo rat,7/23/2013
Ab,779,Euro wallaby,7/26/2016
Zedekiah,780,"Jackal, asiatic",7/21/2016
Juana,781,"Peccary, white-lipped",9/7/2017
Lila,782,"Stork, jabiru",8/18/2014
Gard,783,Barrows goldeneye,12/2/2017
Alard,784,"Capuchin, weeper",3/1/2019
Arliene,785,Pallas's fish eagle,11/18/2013
Any,786,Japanese macaque,1/17/2013
Eada,787,"Cardinal, red-capped",8/6/2016
Rollins,788,"Macaque, japanese",11/19/2013
Urbano,789,"Cormorant, king",10/13/2015
Danell,790,"Mynah, common",4/19/2018
Barthel,791,"Egret, cattle",9/11/2014
Karleen,792,Horned puffin,11/24/2017
Fritz,793,Gerenuk,6/29/2013
Chelsea,794,Meerkat,4/18/2017
Darya,795,Slender-billed cockatoo,1/8/2016
Bord,796,Brazilian otter,7/11/2019
Herve,797,"Snake, western patch-nosed",8/21/2014
Xenos,798,Secretary bird,5/25/2016
Suzy,799,"Cat, tiger",12/7/2013
Livy,800,Snowy sheathbill,5/26/2015
Octavius,801,Roseat flamingo,1/17/2013
Fons,802,"Teal, hottentot",8/5/2019
Wallas,803,Black spider monkey,6/7/2013
Kirstyn,804,Red-cheeked cordon bleu,3/26/2017
Frannie,805,"Kookaburra, laughing",2/6/2018
Franciskus,806,Eastern box turtle,5/7/2019
Francesca,807,Mexican beaded lizard,7/12/2014
Iorgos,808,"Cormorant, neotropic",2/10/2015
Halley,809,Black-tailed prairie dog,6/7/2016
Valdemar,810,Blue shark,7/30/2015
Donna,811,Brown lemur,9/22/2013
Boniface,812,Arctic ground squirrel,4/18/2015
Larissa,813,Southern white-crowned shrike,10/23/2016
Davis,814,"Anteater, australian spiny",7/5/2016
Ashlee,815,Urial,6/27/2014
Ossie,816,Slender-billed cockatoo,6/10/2013
Glen,817,House sparrow,2/10/2014
Lief,818,"Otter, oriental short-clawed",12/9/2017
Brandais,819,"Lion, galapagos sea",8/1/2019
Kain,820,Pocket gopher (unidentified),8/31/2016
Hughie,821,Pygmy possum,3/14/2014
Kinna,822,"Partridge, coqui",10/7/2018
Olive,823,Brown antechinus,1/28/2015
Adelina,824,"Tern, white-winged black",6/29/2019
Lexis,825,"Dragon, ornate rock",1/12/2014
Violette,826,"Vulture, turkey",5/2/2016
Deeann,827,"Skimmer, four-spotted",8/2/2019
Tracey,828,European stork,8/1/2015
Kit,829,"Possum, pygmy",8/14/2016
Adolphe,830,African buffalo,6/17/2015
Sella,831,Green-backed heron,2/27/2018
Nell,832,"Bleu, red-cheeked cordon",2/7/2019
Ignatius,833,"Plover, three-banded",12/23/2014
Rasia,834,Scaly-breasted lorikeet,2/18/2017
Nert,835,"Seal, harbor",10/27/2016
Fawnia,836,Pacific gull,9/28/2012
Bliss,837,"Cat, jungle",1/3/2019
Magdalen,838,Tsessebe,3/20/2018
Antonius,839,Lappet-faced vulture,9/16/2016
Avrit,840,Moose,4/17/2017
Sandor,841,Impala,10/28/2017
Teirtza,842,"Civet, small-toothed palm",2/28/2019
Arlyne,843,Two-toed sloth,10/4/2017
Robby,844,"Cormorant, neotropic",8/18/2019
Jaimie,845,Brush-tailed phascogale,12/15/2015
Farlay,846,"Lizard, desert spiny",10/25/2013
Norina,847,"Penguin, fairy",10/2/2018
Bartie,848,"Eagle, long-crested hawk",9/19/2012
Dacy,849,Grizzly bear,7/29/2018
Henrieta,850,"Raccoon, common",6/10/2014
Haywood,851,Blackbuck,11/1/2017
Freddie,852,Margay,2/4/2015
Elene,853,Impala,1/10/2015
Wes,854,"Wapiti, elk,",11/30/2016
Ellen,855,"Stork, openbill",6/26/2019
Marsha,856,"Tortoise, indian star",2/23/2019
Nadine,857,Silver gull,1/24/2013
Cordie,858,"Wallaby, river",8/4/2018
Stanleigh,859,"Starling, greater blue-eared",4/22/2016
Kendal,860,Snake (unidentified),7/15/2013
Carmella,861,"Grebe, little",11/28/2015
Annmaria,862,"Macaw, blue and yellow",3/15/2018
Tera,863,Oriental white-backed vulture,4/11/2018
Casey,864,"Seal, southern elephant",2/16/2013
Kikelia,865,Galapagos mockingbird,2/18/2016
Bert,866,"Lizard, collared",9/9/2014
Gloria,867,Long-billed cockatoo,5/3/2017
Murielle,868,"Lion, asian",2/17/2015
Buddy,869,"Boar, wild",10/29/2014
Lind,870,"Anteater, giant",7/14/2016
Menard,871,Tsessebe,1/15/2016
Gui,872,American buffalo,8/21/2013
Evyn,873,"Skua, long-tailed",8/29/2018
Hodge,874,"Wolf, mexican",3/22/2017
Nadeen,875,Pine squirrel,6/26/2013
Carmelina,876,"Cat, native",10/17/2012
Rikki,877,Barking gecko,9/27/2018
Farr,878,Neotropic cormorant,1/20/2018
Artemas,879,Southern black-backed gull,2/9/2017
Kristopher,880,Frog (unidentified),11/21/2012
Gusella,881,Green vine snake,4/13/2014
Claudianus,882,"Cat, toddy",6/6/2013
Ave,883,Great white pelican,10/29/2013
Massimo,884,White rhinoceros,3/13/2018
Dewitt,885,Weeper capuchin,10/5/2014
Sig,886,Mourning collared dove,10/14/2017
Bambi,887,Greater rhea,8/11/2019
Kipp,888,"Bear, polar",3/20/2015
Joye,889,"Vulture, oriental white-backed",1/1/2016
Ardyth,890,"Jackrabbit, white-tailed",12/30/2015
Marchelle,891,Native cat,12/29/2016
Benyamin,892,"Shrike, southern white-crowned",5/3/2016
Baillie,893,"Squirrel, smith's bush",6/4/2013
Darb,894,Striped dolphin,1/12/2019
Hattie,895,"Marten, american",7/23/2015
Law,896,"Vulture, white-rumped",6/6/2018
Brose,897,Brush-tailed phascogale,6/14/2016
Deane,898,"Goldeneye, common",5/14/2014
Rockie,899,Springbuck,10/28/2013
Lorry,900,"Eagle, tawny",2/4/2017
Shelagh,901,Indian peacock,8/18/2013
Laurice,902,Glossy ibis,12/15/2013
Amory,903,"Skua, great",1/8/2018
Alfred,904,Giant otter,10/19/2015
Linus,905,"Owl, madagascar hawk",2/16/2015
Fair,906,Egyptian vulture,3/28/2016
Hayes,907,Malabar squirrel,6/7/2019
Sigmund,908,Brush-tailed rat kangaroo,8/22/2013
Lara,909,Lapwing (unidentified),2/4/2016
Blisse,910,"Whale, long-finned pilot",7/15/2015
Emlynn,911,Two-banded monitor,4/29/2014
Janek,912,Giant anteater,11/3/2014
Vladimir,913,"Rattlesnake, dusky",8/4/2014
Benoit,914,Black-tailed tree creeper,3/25/2015
Jillana,915,"Trumpeter, green-winged",6/30/2014
Edwina,916,Red-winged hawk (unidentified),11/27/2013
Gamaliel,917,Indian peacock,3/14/2016
Garfield,918,"Hartebeest, coke's",6/13/2014
Nola,919,Fat-tailed dunnart,9/7/2012
Morgan,920,"Cobra, cape",6/28/2018
Fanchette,921,"Wallaby, tammar",5/6/2014
Jacqueline,922,American beaver,11/11/2012
Emily,923,"Langur, hanuman",6/16/2015
Agace,924,Crab-eating raccoon,9/1/2019
Dodie,925,"Capuchin, white-fronted",5/9/2013
Kathye,926,"Darter, african",7/20/2015
Bab,927,Indian mynah,8/24/2015
Maddy,928,Blue wildebeest,8/8/2017
Brandtr,929,African darter,1/16/2013
Prinz,930,American alligator,2/4/2015
Carlo,931,"Dove, little brown",6/29/2018
Alayne,932,"Sparrow, rufous-collared",2/2/2018
Oran,933,African porcupine,7/25/2017
Russell,934,Water monitor,7/20/2017
Frederic,935,"Vulture, white-rumped",7/23/2018
Manfred,936,"Racer, american",5/26/2018
Baryram,937,"Possum, ring-tailed",5/4/2014
Rycca,938,Cape starling,4/10/2014
Gibby,939,Cape starling,4/1/2014
Lorrayne,940,"Jacana, african",2/12/2019
Guillermo,941,"Vulture, king",5/19/2016
Norine,942,"Ringtail, common",12/6/2015
Roldan,943,Water moccasin,7/21/2013
Nancey,944,Pied avocet,5/23/2013
Annabela,945,"Dog, bush",5/15/2016
Lois,946,Frog (unidentified),11/17/2014
Leodora,947,Cormorant (unidentified),7/30/2013
Burlie,948,Crown of thorns starfish,10/26/2017
Briggs,949,"Mockingbird, galapagos",1/4/2017
Cati,950,Black-necked stork,7/15/2015
Kerby,951,"Otter, oriental short-clawed",10/5/2015
Maxie,952,"Alligator, american",4/4/2015
Padget,953,Common dolphin,5/26/2016
Davy,954,"Owl, madagascar hawk",9/22/2016
Barnaby,955,"Dog, raccoon",5/13/2015
Sile,956,American badger,7/24/2016
Maggy,957,"Heron, black-crowned night",9/19/2013
Ryan,958,"Lion, steller sea",3/15/2017
Maryjane,959,"Camel, dromedary",5/28/2017
Joshuah,960,Tammar wallaby,10/11/2015
Herman,961,"Robin, kalahari scrub",11/18/2018
Eolande,962,"Boar, wild",4/2/2015
Frazer,963,Pine siskin,2/13/2019
Niall,964,"Otter, african clawless",3/21/2013
Jasmine,965,"Skimmer, four-spotted",3/2/2013
Quint,966,Pied cormorant,5/12/2016
Tally,967,"Oryx, fringe-eared",8/3/2019
Julieta,968,White-bellied sea eagle,5/24/2016
Celestyn,969,"Jackrabbit, white-tailed",12/7/2018
Ricky,970,"Deer, barasingha",3/11/2018
Scott,971,"Gorilla, western lowland",11/3/2013
Lonna,972,"Phalarope, red-necked",12/30/2014
Thane,973,Rufous tree pie,1/21/2013
Wilone,974,"Gecko, ring-tailed",5/28/2016
Charmaine,975,Blackish oystercatcher,7/23/2019
Standford,976,"Pelican, eastern white",1/30/2013
Cathrine,977,Indian porcupine,10/22/2017
Mose,978,"Starfish, crown of thorns",10/24/2016
Bendite,979,Numbat,3/13/2013
Kyla,980,Bobcat,4/4/2018
Wolfgang,981,"Vulture, king",11/21/2012
Albertina,982,"Goose, snow",5/9/2018
Zorah,983,Onager,6/19/2014
Bryn,984,"Polecat, african",1/17/2016
Oswald,985,Red-tailed cockatoo,1/31/2015
Laverne,986,Tiger cat,1/29/2016
Farleigh,987,"Goldeneye, common",11/12/2015
Tessi,988,South American meadowlark (unidentified),6/6/2013
Wilden,989,"Weaver, chestnut",5/26/2017
Donnajean,990,Black-crowned night heron,12/7/2018
Roy,991,Puma,12/29/2016
Larisa,992,Hippopotamus,11/14/2014
Adrienne,993,Snowy sheathbill,11/26/2014
Bryanty,994,Nelson ground squirrel,10/4/2012
Katrine,995,"Screamer, southern",4/14/2018
Alvan,996,"Tern, royal",3/22/2019
Lanie,997,Bateleur eagle,3/1/2016
Nanci,998,Gemsbok,8/18/2018
Pearle,999,Eastern box turtle,8/29/2018
Yolanthe,1000,European badger,4/29/2014
