first_name,last_name,id,petType,birthday
Wilone,Halbard,1,Blue and yellow macaw,8/5/1990
Fanchette,Pydcock,2,Ferruginous hawk,11/24/1991
Benjy,Endecott,3,"Sloth, hoffman's",10/26/1965
Wang,Fruen,4,Hanuman langur,4/25/1987
Jephthah,Beggs,5,"Duiker, gray",9/25/1994
Sanford,Weinberg,6,"Dragon, asian water",8/19/1970
Randolph,Garthside,7,"Iguana, land",9/24/1975
Gilli,Janout,8,"Gull, lava",9/23/1964
Dionisio,Prisk,9,"Buffalo, american",7/5/1982
Colette,Searby,10,"Wallaby, whip-tailed",9/25/1990
Davie,Astlet,11,Frilled lizard,8/31/1982
Howard,Hannigan,12,"Waterbuck, common",6/30/1995
Clair,Blaymires,13,Red hartebeest,3/8/1973
Winnifred,Dalby,14,Rose-ringed parakeet,4/23/1996
Dorree,Benger,15,"Hawk, ferruginous",2/4/1966
Quintina,Boxhall,16,Western spotted skunk,6/13/1971
Herbie,Demaine,17,"Gull, herring",9/11/1975
Blake,Robardley,18,Rufous-collared sparrow,5/16/1996
Wilmette,Cridlin,19,"Tern, white-winged black",3/3/1978
Jammie,Davitt,20,"Lorikeet, scaly-breasted",1/1/1965
Nissy,Knewstubb,21,"Lemming, arctic",4/27/1967
Christophorus,Penas,22,Yellow-billed hornbill,7/15/1968
Annalise,De Vaux,23,Kalahari scrub robin,1/29/1973
Barny,Hoyes,24,"Screamer, crested",7/30/1982
Brittaney,Folbigg,25,Malabar squirrel,6/19/1985
Kaylil,Shergold,26,Dromedary camel,8/19/1970
Kimberly,Ruprich,27,Red-tailed phascogale,11/6/1991
Dulsea,Koubu,28,Short-beaked echidna,1/21/1970
Merrick,Pautard,29,"Goose, spur-winged",2/16/1999
Hamil,Stoffersen,30,Black-tailed prairie dog,9/26/1984
Udall,Ashment,31,"Fox, cape",12/2/1979
Xena,Maypes,32,Mountain lion,4/25/1987
Hammad,Gratten,33,"Flamingo, greater",12/29/1991
Sigrid,Kamall,34,"Weaver, red-billed buffalo",4/9/1966
Skye,Joyner,35,Butterfly (unidentified),10/22/1967
Walden,Meneely,36,Lilac-breasted roller,3/9/1970
Jule,Cussins,37,"Butterfly, canadian tiger swallowtail",9/16/1992
Isidora,O'Leagham,38,Blue racer,11/9/1990
Derek,Ellaway,39,Gambel's quail,2/3/1974
Boone,Cleiment,40,Musk ox,4/28/1979
Barri,Tripe,41,Caracal,5/13/1993
Lauren,Glowach,42,"Boa, columbian rainbow",9/4/1967
Issi,Vogelein,43,Northern phalarope,8/6/1991
Alysa,Champerlen,44,"Squirrel, eastern fox",1/5/1983
Petey,Roxbrough,45,Malagasy ground boa,7/17/1988
Hayes,Lonsdale,46,Long-tailed spotted cat,9/1/1970
Karen,Feldharker,47,"Wambenger, red-tailed",10/30/1995
Kandace,Overlow,48,"Goose, egyptian",7/15/1998
Cullan,Camplin,49,"Mongoose, small indian",1/14/1992
Aryn,St. Quintin,50,Brown antechinus,9/1/1971
Christiana,Braznell,51,Magistrate black colobus,6/12/1992
Luci,Hillam,52,Tokay gecko,2/19/1995
Gabby,Dowden,53,"Thrasher, curve-billed",7/6/1999
Golda,Jerzyk,54,"Flamingo, greater",9/19/1967
Eva,MacKee,55,European stork,5/25/1975
Kris,Hardway,56,American beaver,12/11/1983
Una,Cator,57,"Turkey, common",7/16/1985
Carlita,Cromblehome,58,Asiatic wild ass,9/22/1989
Krystyna,Boik,59,House crow,8/27/1999
Sven,Habergham,60,North American red fox,9/9/1992
Davie,Seden,61,"Beaver, european",11/2/1971
Judye,London,62,"Shark, blue",7/18/1970
Silvanus,Abbiss,63,"Lemur, ring-tailed",3/11/1983
Sampson,Lowers,64,Spotted deer,6/30/1991
Maddy,Huntriss,65,Slender loris,10/20/1975
Cosmo,Buttriss,66,Pacific gull,3/3/1988
Donavon,Balling,67,Galah,11/29/1989
Beverlie,Laws,68,"Eagle, tawny",12/20/1987
Evey,Elcocks,69,"Raccoon, crab-eating",6/27/1975
Ardene,Marchington,70,"Bettong, brush-tailed",10/21/1967
Tudor,Charity,71,Emerald-spotted wood dove,3/18/1972
Alexandrina,Ramberg,72,Common turkey,12/20/1975
Artair,Warrilow,73,"Badger, eurasian",11/9/1971
Skelly,Headey,74,Ornate rock dragon,10/21/1977
Sally,Howitt,75,"Wambenger, red-tailed",6/9/1980
Emogene,Kamall,76,"Mongoose, javan gold-spotted",3/12/1989
Carmencita,Chopy,77,Fat-tailed dunnart,12/29/1970
Jenda,Jozefczak,78,"Falcon, prairie",8/12/1980
Fianna,Chellam,79,Coke's hartebeest,5/31/1977
Hermione,Marchment,80,Vine snake (unidentified),11/26/1992
Augustus,Fierro,81,"Tortoise, desert",2/29/1984
Lennard,Kilvington,82,"Lourie, grey",7/17/1974
Zane,Bohea,83,"Albatross, galapagos",6/18/1990
Joshuah,Doucette,84,"Whale, southern right",8/13/1984
Briano,Lacy,85,North American beaver,11/10/1998
Amabelle,Ridett,86,"Cliffchat, mocking",8/7/1996
Kinsley,Fraczek,87,"Tortoise, burmese black mountain",6/18/1989
Lorianne,O'Noland,88,Red-tailed hawk,2/9/1995
Cristin,Reignard,89,"Dragon, frilled",8/18/1997
Davis,Begwell,90,Kori bustard,4/4/1966
Charmian,Donat,91,"Otter, cape clawless",12/13/1970
Judas,Paulmann,92,"Iguana, common green",4/30/1996
Trixy,Palatini,93,Southern tamandua,12/9/1993
Dorothee,Crosfeld,94,Emerald green tree boa,8/1/1976
Addia,Benediktsson,95,Smith's bush squirrel,5/15/1967
Gianni,Fearenside,96,"Waxbill, black-cheeked",6/6/1989
Maryanna,Upcott,97,Crab-eating fox,9/17/1995
Harley,Peddersen,98,"Sheep, red",12/19/1986
Alphonse,Trye,99,"Hyena, brown",12/31/1994
Corry,Strawbridge,100,"Crab, red lava",2/16/1980
Louisa,Fridd,101,Black swan,7/31/1992
Abbe,Rockell,102,"Hawk, ferruginous",10/22/1973
Myrtle,Lochran,103,North American red fox,3/9/1965
Daffi,Richin,104,"Lemur, lesser mouse",4/3/1970
Donelle,Cogar,105,American woodcock,1/24/1975
Randene,Brownsill,106,Tammar wallaby,10/9/1982
Rey,Gabriely,107,Red squirrel,7/3/1997
Clayton,Seabert,108,Common raccoon,9/20/1986
Stanislas,Guerre,109,Red-winged blackbird,12/29/1971
Leelah,Littefair,110,"Pelican, great white",2/4/1993
Fredek,Deshon,111,"Dragon, netted rock",5/19/1984
Serena,Roubeix,112,"Hornbill, southern ground",2/27/1979
Anita,Leversuch,113,Ostrich,6/24/1984
Cass,Curner,114,Spotted wood sandpiper,6/27/1985
Zonda,Hakeworth,115,"Marten, american",2/28/1994
Heindrick,Flatt,116,Russian dragonfly,6/30/1969
Aleta,Tasseler,117,Groundhog,2/22/1999
Jenelle,Duthie,118,Greater flamingo,2/18/1977
Rowe,Starbeck,119,"Goose, snow",11/17/1987
Niel,Rosas,120,Red howler monkey,9/8/1972
Arri,Kliner,121,"Lion, california sea",8/13/1990
Lucie,Haet,122,"Hartebeest, red",4/2/1982
Rollie,Daish,123,"Wombat, southern hairy-nosed",1/25/1987
Farah,McConnulty,124,"Tortoise, burmese black mountain",1/23/1991
Patricio,Roseby,125,Roe deer,1/18/1978
Augustus,Norheny,126,"Stork, jabiru",2/17/1968
Phillip,Stranger,127,Wild water buffalo,4/29/1973
Elbert,Chimenti,128,Southern hairy-nosed wombat,7/18/1981
Malcolm,Rustadge,129,Orca,4/27/1979
Wainwright,Bichard,130,White spoonbill,2/10/1990
Ladonna,Skelhorn,131,"Wombat, common",4/6/1995
Liane,Cawte,132,Laughing dove,8/11/1988
Cyril,Piechnik,133,"Boubou, southern",1/1/1972
Trstram,Rider,134,"Stork, yellow-billed",9/7/1971
Budd,Whayman,135,"Lion, asian",11/20/1998
Callida,Newtown,136,Brazilian tapir,8/12/1977
Bald,Busain,137,"Bleu, blue-breasted cordon",12/10/1993
Lincoln,Foster-Smith,138,"Possum, common brushtail",11/3/1990
Joyan,Borkett,139,Blackbuck,6/18/1987
Adriano,Barsham,140,Chital,9/3/1999
Patrica,Clutterbuck,141,"Hartebeest, coke's",6/16/1974
Darrel,Beany,142,Mexican wolf,9/8/1973
Celeste,Vasichev,143,Malleefowl,10/21/1975
Dolorita,Angeli,144,"Zorro, azara's",5/5/1986
Minne,Heinlein,145,Rhesus monkey,10/8/1970
Shurwood,Trittam,146,Arctic lemming,5/28/1974
Adolf,Bickerstasse,147,"Sheep, stone",2/19/1997
Brear,Nicklen,148,"Screamer, crested",3/24/1981
Melina,Rotge,149,"Waterbuck, common",2/3/1977
Kylynn,Kores,150,"Glider, feathertail",4/1/1972
Rhiamon,Marques,151,Australian brush turkey,4/30/1968
Otho,McKean,152,European stork,7/24/1968
Chloris,Tookey,153,"Kangaroo, western grey",11/1/1970
Obed,Innett,154,Four-spotted skimmer,10/25/1979
Simonette,Derycot,155,"Legaan, water",6/16/1987
Elladine,Stopp,156,White-winged dove,4/9/1998
Ashlee,Scarasbrick,157,"Otter, north american river",10/6/1967
Wilmar,Hurdwell,158,"Lion, southern sea",8/10/1978
Fairleigh,Gainsford,159,Ornate rock dragon,11/30/1989
Ethelin,Brownell,160,Common melba finch,4/27/1994
Clyde,Loynton,161,Tsessebe,4/1/1987
Charin,Gosenell,162,Steller's sea lion,4/11/1978
Rainer,Pinel,163,"Plover, blacksmith",7/9/1969
Liane,Local,164,Jaguar,10/6/1991
Neale,Gauthorpp,165,American woodcock,9/21/1983
Cherish,Leveridge,166,Southern right whale,6/22/1984
Stepha,Dyte,167,"Hare, arctic",11/25/1988
Chan,Retter,168,Small Indian mongoose,9/16/1983
Rabi,Benbrick,169,"Gull, kelp",10/23/1981
Jeniece,Loynes,170,"Alligator, american",1/11/1988
Didi,Ecles,171,Gelada baboon,5/21/1983
Bay,Grimsey,172,"Mongoose, banded",11/27/1969
Maxie,Gledhill,173,"Porcupine, north american",10/24/1983
Celine,Ganiford,174,"Spurfowl, yellow-necked",1/8/1992
Linea,Zupone,175,Blue duck,4/11/1968
Cal,Giacomelli,176,Eastern box turtle,3/4/1996
Durant,Scardifeild,177,White-bellied sea eagle,2/28/1985
Rea,Twiddy,178,Bottle-nose dolphin,1/23/1997
Arv,Ernke,179,Sportive lemur,3/15/1975
Vi,Vant,180,"Pelican, brown",12/1/1978
Rafaela,Langran,181,"Oryx, beisa",7/15/1984
Albie,Gedney,182,"Whale, southern right",12/17/1987
Willey,MacSherry,183,"Vulture, black",1/23/1996
Cass,Vickarman,184,"Bee-eater, nubian",4/4/1986
Gerard,Sirmon,185,"Booby, blue-footed",11/29/1991
Andriana,Adnet,186,"Bulbul, african red-eyed",4/5/1986
Stanislaw,Thirlwell,187,Asian elephant,1/15/1996
Umeko,Clink,188,"Possum, pygmy",9/7/1993
Georgia,Nowakowska,189,Bare-faced go away bird,7/29/1998
Pat,Shippard,190,"Stork, saddle-billed",9/21/1986
Amalita,Garnsworth,191,Black-faced kangaroo,6/2/1969
Haley,McKerley,192,Tiger,4/6/1981
Clare,Nowakowska,193,"Wallaby, tammar",4/27/1969
Quintana,Waldrum,194,"Skua, long-tailed",1/25/1991
Joseito,Budnik,195,Pied kingfisher,4/30/1968
Fairfax,Youd,196,Wattled crane,9/23/1977
Maryann,Taplow,197,Guerza,12/7/1993
Darsey,Eastway,198,Pampa gray fox,4/8/1974
Hynda,Antonich,199,Asian red fox,12/6/1984
Naoma,Hayzer,200,"Shrew, mandras tree",6/21/1994
Tamara,Janu,201,Denham's bustard,10/26/1976
Sioux,Swalwel,202,Crested screamer,5/4/1981
Hugh,Easey,203,"Mockingbird, galapagos",2/18/1974
Abner,Bulfit,204,"Squirrel, nelson ground",12/9/1970
Lita,Tithacott,205,Western lowland gorilla,5/16/1979
Cullan,Craik,206,Arctic ground squirrel,8/14/1977
Zaccaria,Bowld,207,"Egret, snowy",6/27/1998
Greer,Janiszewski,208,Herring gull,12/28/1990
Marcie,Bignall,209,Barking gecko,4/10/1993
Ines,Essery,210,"Stork, jabiru",6/29/1986
Nikoletta,Laphorn,211,Purple grenadier,8/21/1979
Fletch,Ayers,212,Black-tailed deer,12/24/1965
Terrill,Batchellor,213,"Macaw, green-winged",5/11/1975
Parry,Pearse,214,Brazilian otter,2/12/1976
Skell,Smyth,215,Yellow-rumped siskin,12/22/1983
Lavena,Linbohm,216,North American porcupine,10/7/1971
Daryl,Brazil,217,"Tern, white-winged black",4/26/1968
Benedicto,Myner,218,Beisa oryx,11/11/1994
Iseabal,Scallan,219,"Cockatoo, slender-billed",11/12/1985
Pavel,Pauel,220,"Pie, indian tree",10/12/1994
Ibrahim,Habard,221,Smith's bush squirrel,9/13/1976
Lucinda,Huton,222,"Mockingbird, galapagos",11/20/1968
Joaquin,Solland,223,Urial,9/3/1995
Philomena,Van der Mark,224,Paca,5/18/1991
Nanine,Ogilvie,225,Black swan,3/8/1972
Pepito,Harman,226,Goanna lizard,4/10/1975
Lorenza,McPherson,227,Barking gecko,3/9/1977
Royall,Broinlich,228,Oriental short-clawed otter,3/9/1986
Kristyn,Delaprelle,229,Collared lizard,9/20/1985
Brian,Serrier,230,Sandhill crane,5/11/1966
Ezri,Servis,231,Verreaux's sifaka,8/24/1966
Daryl,Kindleysides,232,"Squirrel, grey-footed",10/29/1964
Georgia,Tottman,233,Harbor seal,9/12/1986
Cecil,Abrahamsohn,234,Columbian rainbow boa,1/27/1979
Arliene,Ranby,235,"Lemur, grey mouse",3/3/1996
Cacilie,Asquez,236,European badger,2/13/1988
Kathie,Byrth,237,"Bettong, brush-tailed",9/19/1984
Erina,Langridge,238,Red-cheeked cordon bleu,4/19/1969
Liana,Panchin,239,Warthog,10/21/1993
Oby,Corkill,240,"Wallaby, tammar",2/21/1980
Alva,Colbertson,241,"Lizard, desert spiny",4/16/1980
Sharyl,Dearan,242,African lynx,1/31/1971
Caroline,Leake,243,"Plover, blacksmith",12/28/1987
Mercie,Brideau,244,"Zorro, common",12/17/1985
Wayne,Gronaver,245,Black-throated cardinal,9/29/1971
Harriet,Kelk,246,"Cardinal, red-capped",3/26/1975
Martino,Scarr,247,"Hedgehog, south african",2/16/1991
Afton,Matthews,248,"Rat, arboral spiny",2/17/1993
Raimund,McLarty,249,Ringtail,3/14/1968
Daisy,Dincey,250,"Peccary, white-lipped",5/8/1966
Trula,Somerset,251,Small-spotted genet,10/3/1993
Claudine,Wayman,252,Bengal vulture,9/12/1995
Derron,Queripel,253,"Turtle, eastern box",7/16/1966
Adara,Goodby,254,Arctic hare,9/2/1993
Angeli,Brecon,255,"Iguana, land",6/20/1982
Robyn,Cornillot,256,"Shelduck, common",9/15/1987
Rubia,Chiplin,257,Australian spiny anteater,11/15/1989
Padget,Sier,258,Cottonmouth,5/3/1998
Wylma,Skryne,259,Bent-toed gecko,11/10/1970
Norina,Peasby,260,Mexican boa,1/21/1969
Klarika,Lorens,261,"Snake, racer",10/18/1975
Ermentrude,Ariss,262,Polar bear,4/14/1998
Adan,Chapiro,263,"Nuthatch, red-breasted",2/8/1998
Odey,Dumingos,264,Bent-toed gecko,8/17/1991
Court,Roman,265,Royal tern,3/4/1975
Tim,Galero,266,"Beaver, north american",11/29/1970
Hermie,Cawthorn,267,Brush-tailed phascogale,7/27/1989
Willy,Halewood,268,Mara,12/25/1993
Kennedy,Danson,269,Hyrax,2/6/1995
Konstantine,McCrow,270,"Starling, superb",8/27/1991
Alida,Houston,271,"Shark, blue",3/30/1984
Donnell,Stannard,272,Magnificent frigate bird,6/27/1988
Gisele,Mitrikhin,273,White-winged black tern,7/26/1992
Frank,MacShane,274,"Peacock, blue",9/24/1972
Lorilyn,Dottrell,275,"Kingfisher, pied",7/2/1977
Jarrod,Rigmond,276,"Grebe, little",2/4/1997
Elonore,Glazer,277,"Tortoise, indian star",4/6/1993
Daria,Michele,278,Stanley bustard,12/2/1965
Tris,Lavies,279,"Cat, ringtail",5/23/1990
Gracie,Newman,280,Tree porcupine,3/16/1977
Phyllida,Zarb,281,Eastern grey kangaroo,11/5/1998
Ebeneser,Corson,282,Sage grouse,1/22/1978
Sanders,Earngy,283,"Alligator, american",6/29/1977
Freedman,Ferby,284,"Wagtail, african pied",6/30/1984
Hilde,Burchmore,285,"Deer, roe",7/21/1972
Rolfe,Veltman,286,Asian openbill,12/15/1985
Stephine,Curneen,287,Springbok,2/1/1989
Aurel,Hurler,288,"Wombat, common",4/20/1975
Katerina,Owers,289,"Cobra, egyptian",6/19/1986
Rania,Simner,290,White-rumped vulture,7/16/1978
Evita,Jeandillou,291,"Devil, tasmanian",12/25/1984
Lisha,Bartley,292,"Wallaby, whip-tailed",12/22/1965
Shurlocke,Toye,293,Stone sheep,12/24/1980
Waylin,Richemond,294,Western grey kangaroo,3/24/1979
Kirstin,Stillgoe,295,"Goose, cape barren",7/2/1973
Rory,Kyneton,296,"Sandgrouse, yellow-throated",12/5/1965
Hamil,Measom,297,Sun gazer,12/7/1980
Johannah,Insley,298,"Sloth, two-toed",8/17/1974
Cam,Van Cassel,299,Civet cat,3/31/1978
Minta,Starbuck,300,Oriental short-clawed otter,12/12/1991
Fidelio,Clopton,301,Pocket gopher (unidentified),7/15/1978
Pier,Chese,302,Jungle kangaroo,1/13/1976
Danette,Mannering,303,"Cormorant, flightless",1/23/1974
Linell,Hawkswood,304,Dingo,9/8/1985
Penn,Godsmark,305,"Seal, northern elephant",9/28/1970
Brina,Rance,306,"Tamandua, southern",9/4/1970
Collete,Kinch,307,American black bear,4/14/1975
Riki,Casterton,308,Currasow (unidentified),6/20/1984
Dario,Magner,309,"Lion, steller sea",12/16/1966
Aaren,Jaycox,310,Klipspringer,1/2/1974
Mordy,Dancer,311,Huron,11/26/1990
Eirena,Fronzek,312,Yak,8/28/1971
Nelie,Josifovic,313,Gelada baboon,6/29/1969
Thomasina,Hazzard,314,Asiatic jackal,7/12/1997
Zonnya,Wimbridge,315,"Barbet, levaillant's",9/29/1968
Sayers,Leggs,316,Hawk-headed parrot,7/6/1993
Lincoln,Seywood,317,Red kangaroo,8/30/1987
Elsi,Aarons,318,Uinta ground squirrel,11/12/1964
Alene,Tucsell,319,Southern screamer,5/28/1979
Wade,Comello,320,"Cat, european wild",8/15/1986
Cal,Spittal,321,Long-billed corella,10/14/1968
Marcello,Serfati,322,"Teal, hottentot",1/1/1990
Emile,Durram,323,"Rattlesnake, dusky",11/29/1974
Neddie,Cowlas,324,"Ringtail, common",7/4/1998
Zora,Cooper,325,"Rattlesnake, dusky",6/27/1993
Hamlen,Philipeaux,326,Little heron,9/28/1998
Casey,Marl,327,Black-throated butcher bird,6/2/1994
Yul,Crosskill,328,"Gull, herring",9/24/1964
Carlyle,Waison,329,American racer,10/14/1968
Vernor,Moran,330,"Chickadee, black-capped",7/5/1981
Spenser,McPartlin,331,Red brocket,1/28/1992
Sally,Papaccio,332,"Boubou, southern",12/11/1981
Fionna,Cromar,333,Green-backed heron,1/7/1973
Greg,Masedon,334,Red-capped cardinal,9/23/1969
Cicily,Pettisall,335,"Gonolek, burchell's",9/14/1988
Emmit,Radsdale,336,"Mockingbird, galapagos",12/2/1964
Sonny,Bielfeldt,337,"Baboon, gelada",11/27/1970
Rey,Driffield,338,"Kangaroo, brush-tailed rat",11/14/1993
Gretchen,Sydenham,339,Bald eagle,11/10/1982
Annamarie,Eaddy,340,Caracara (unidentified),8/30/1965
Carley,Franek,341,"Bird, black-throated butcher",10/19/1965
Lucina,Trippitt,342,White-winged dove,7/18/1979
Kerby,Jowsey,343,Asian openbill,5/4/1998
Constantine,Powlesland,344,Red-necked wallaby,11/6/1974
Cece,Pendrey,345,"Zebra, plains",1/29/1985
Mellie,Minchindon,346,Steenbuck,2/14/1994
Pennie,Armitage,347,Magellanic penguin,5/12/1993
Marsh,Bison,348,Tree porcupine,7/13/1987
Valdemar,Giriardelli,349,"Gazer, sun",4/14/1994
Teri,Van den Oord,350,"Nighthawk, common",11/29/1989
Kissee,Blackboro,351,Cape starling,4/14/1970
Regen,Bowker,352,"Elk, Wapiti",3/5/1992
Conrado,Drable,353,"Butterfly, tropical buckeye",2/28/1991
Annissa,Gilyott,354,Sun gazer,12/25/1974
Edna,Santorini,355,"Cobra, egyptian",6/24/1999
Delphine,Ciani,356,"Turkey, common",11/1/1985
Lark,Dunbleton,357,"Gecko, tokay",12/27/1997
Jen,De Moreno,358,"Bandicoot, long-nosed",6/27/1989
Conway,Jeannet,359,Columbian rainbow boa,1/30/1996
Mitzi,Musto,360,Long-billed corella,10/31/1992
Giraldo,Gergler,361,Green heron,11/19/1986
Raffaello,Challiner,362,Desert spiny lizard,3/19/1986
Gaby,Donati,363,Gray duiker,7/29/1979
Avrom,Mallett,364,Yellow-bellied marmot,2/17/1975
Lynnea,Pulford,365,"Finch, common melba",3/26/1986
Corey,Mac Geaney,366,"Duck, mountain",4/10/1989
Aristotle,Coplestone,367,Asian lion,8/13/1988
Remington,Archell,368,"Fox, north american red",11/29/1994
Jose,MacMurray,369,Blackbuck,11/2/1990
Shaw,Slevin,370,Common turkey,2/10/1969
Joan,Silbert,371,"Tortoise, burmese brown mountain",7/16/1987
Benn,Jozsika,372,North American beaver,8/10/1993
Genny,Rorke,373,"Waterbuck, defassa",9/13/1967
Rip,Rapson,374,Common long-nosed armadillo,4/4/1990
Eada,Banaszewski,375,"Kangaroo, jungle",3/21/1970
Dannye,Bethel,376,"Whale, baleen",6/4/1965
Franz,Carlisso,377,Black-necked stork,9/7/1992
Blithe,Sustins,378,Baleen whale,3/25/1982
Lucienne,Whartonby,379,Ornate rock dragon,10/31/1979
Janice,Sango,380,Western lowland gorilla,1/29/1980
Benoite,Cossar,381,Egyptian cobra,4/13/1997
Cedric,Gudgen,382,Green vine snake,1/26/1965
Base,Dybell,383,"Echidna, short-beaked",5/11/1968
Brett,Marsters,384,"Cat, kaffir",12/10/1986
Jacynth,Grief,385,"Kangaroo, red",7/24/1998
Mendie,Ginman,386,"Wildebeest, blue",10/18/1973
Keefer,Belderfield,387,"Sparrow, rufous-collared",2/6/1994
Harland,Tivenan,388,"Lapwing, southern",5/26/1970
Merilee,Stoite,389,"Kingfisher, malachite",10/24/1964
Andris,L'Episcopio,390,Egyptian cobra,9/24/1974
Worth,Paddle,391,"Squirrel, red",7/20/1969
Jordon,Sheering,392,Masked booby,10/17/1988
Cecil,Bathurst,393,Swainson's francolin,7/2/1966
Corenda,Pietruschka,394,Red-legged pademelon,4/24/1981
Ingemar,Goatman,395,Desert spiny lizard,4/3/1971
Isaiah,Streeting,396,Silver-backed fox,2/12/1992
Kaycee,Manhood,397,Cereopsis goose,8/5/1987
Beverly,Delafoy,398,"Owl, madagascar hawk",9/25/1992
Rurik,Chappel,399,Crab-eating raccoon,2/21/1995
Sherilyn,Beardall,400,"Colobus, white-mantled",4/5/1968
Jillene,Broadberrie,401,Mourning collared dove,7/6/1965
Poppy,Walshaw,402,Square-lipped rhinoceros,8/30/1969
Jillie,Jellett,403,"Possum, common brushtail",10/20/1989
Clare,Felix,404,"Badger, american",8/4/1972
Quentin,Singleton,405,Greylag goose,4/30/1995
Faythe,Guwer,406,African skink,6/16/1987
Saraann,Jellico,407,"Gazelle, thomson's",6/28/1984
Andras,Petrushkevich,408,"Kingfisher, white-throated",10/24/1997
Becky,Tanby,409,Green vine snake,11/2/1973
Joeann,Waylen,410,"Crane, sandhill",9/13/1994
Berton,Kee,411,"Gecko, bent-toed",8/18/1980
Jarrad,Beckinsale,412,"Oryx, beisa",10/7/1980
Morey,Holttom,413,Platypus,1/10/1995
Lavina,Seely,414,"Otter, giant",7/17/1992
Mycah,Heditch,415,Dingo,7/26/1975
Noe,Ribbens,416,Royal tern,6/1/1996
Hanna,Eccleshall,417,Collared lemming,2/20/1980
Dal,Barefoot,418,"Beaver, american",11/11/1987
Frankie,Berthomieu,419,Red deer,12/13/1981
Marylinda,Jerzycowski,420,Sportive lemur,1/15/1982
Clerc,Featley,421,Egyptian vulture,4/22/1970
Kial,Burgill,422,"Chipmunk, least",12/20/1967
Sarge,Dearell,423,Tayra,4/18/1965
Jodee,Bizzey,424,"Barbet, black-collared",9/24/1977
Jeralee,Ryde,425,"Shrike, southern white-crowned",5/15/1982
Beitris,Dairton,426,Ovenbird,9/16/1989
Helaina,Adcock,427,"Fox, grey",10/14/1996
Court,Womack,428,Indian porcupine,1/16/1995
Carlin,Prichet,429,Green-winged macaw,4/6/1975
Feliza,Jandak,430,Pied butcher bird,10/20/1983
Devland,Hinstridge,431,"Lion, galapagos sea",1/27/1983
Rina,Riddiough,432,"Monkey, vervet",4/2/1967
Cleopatra,Blancowe,433,"Shrike, crimson-breasted",4/2/1979
Thedric,Morville,434,"Kingfisher, pied",9/14/1982
Pippy,Hollyar,435,"Penguin, magellanic",8/23/1973
Juan,Paull,436,"Phascogale, brush-tailed",3/11/1968
Yard,Le Surf,437,Galapagos sea lion,12/5/1972
Bryon,Pressdee,438,African jacana,2/17/1976
Ianthe,Millson,439,"Albatross, galapagos",3/30/1986
Aime,Lung,440,"Genet, small-spotted",5/31/1983
Debor,Lerhinan,441,"Badger, european",11/12/1981
Jeremias,Beavon,442,"Rattlesnake, dusky",5/14/1991
Babb,Posvner,443,Bare-faced go away bird,4/30/1984
Bonita,Casper,444,Antelope ground squirrel,9/22/1978
Moss,Haley,445,"Whale, killer",3/15/1981
Marcus,Faire,446,"Possum, ring-tailed",1/2/1981
Roxi,Farncomb,447,"Lapwing, southern",9/29/1986
Kiri,Sand,448,Topi,1/11/1992
Janey,Bernat,449,"Tenrec, tailless",10/26/1989
Merv,Mannock,450,Blue crane,12/19/1975
Lion,Rotchell,451,"Eagle, bateleur",12/10/1978
Ailis,Franiak,452,Pied cormorant,10/22/1993
Lianne,Scraney,453,Red-headed woodpecker,4/2/1975
Karlee,Skillicorn,454,Meerkat,4/19/1990
Louise,Curle,455,Black-crowned crane,10/17/1992
Hazlett,Kesteven,456,"Bird, pied butcher",1/30/1984
Jedidiah,Buzza,457,"Flamingo, roseat",2/8/1976
Giacopo,Pendrigh,458,"Heron, green-backed",8/18/1983
Cinda,Damrel,459,Pygmy possum,6/4/1989
Annissa,Speachley,460,Helmeted guinea fowl,11/29/1977
Valentina,Blackaller,461,"Vulture, king",10/28/1973
Belicia,Stitcher,462,African ground squirrel (unidentified),9/12/1995
Talya,Wickson,463,"Dove, little brown",10/19/1975
Eartha,Barrington,464,Snowy sheathbill,9/24/1991
Anna-diana,McKitterick,465,European spoonbill,1/10/1992
Noelani,Scholte,466,"Screamer, crested",8/2/1984
Jaclyn,Stangroom,467,Galapagos hawk,7/30/1969
Vern,Splain,468,Red-knobbed coot,10/29/1996
Malcolm,Cosgrave,469,Red and blue macaw,1/6/1983
Devina,Tamas,470,Savanna fox,2/10/1975
Orrin,Kretchmer,471,"Porcupine, tree",3/10/1995
Melisent,Vokes,472,"Magpie, australian",1/1/1988
Haleigh,Monks,473,"Mongoose, javan gold-spotted",11/7/1989
Lindsey,Robjents,474,"Cockatoo, red-tailed",5/23/1990
Gilberta,Flipsen,475,Eurasian red squirrel,12/1/1987
Jae,MacFarland,476,"Badger, european",7/22/1972
Wenona,Wabersich,477,Water moccasin,9/15/1972
Bran,Demageard,478,"Bear, sloth",4/23/1976
Winny,Whistance,479,"Otter, small-clawed",7/17/1987
Haze,Spurier,480,Kaffir cat,9/25/1974
Cleopatra,Davydoch,481,Downy woodpecker,7/27/1972
Carlos,Kinleyside,482,Native cat,1/26/1991
Robby,Caldero,483,"Waxbill, blue",10/19/1964
Kearney,Jerrolt,484,"Cat, kaffir",9/8/1986
Suzette,Lars,485,"Porcupine, prehensile-tailed",2/7/1991
Helga,Bouda,486,Wild boar,9/17/1985
Rolando,Vasyunichev,487,Snowy sheathbill,10/4/1988
Gottfried,Croston,488,"Rhea, common",6/28/1999
Essie,Sabie,489,"Otter, small-clawed",1/30/1998
Angelique,Barber,490,Steller sea lion,1/20/1984
Dory,Ilchenko,491,"Gull, southern black-backed",7/15/1989
Karine,Martugin,492,Greylag goose,8/4/1981
Caddric,Coite,493,Pygmy possum,8/22/1982
Quint,Andre,494,Sarus crane,12/11/1971
Christa,Ridsdell,495,White-throated toucan,6/30/1983
Clayton,Langworthy,496,North American red fox,5/10/1994
Adrienne,Featherston,497,Black-tailed deer,6/14/1981
Karilynn,Aymerich,498,"Bustard, kori",11/13/1981
Dynah,Serrell,499,"Hartebeest, red",6/19/1994
Harriet,Chestnutt,500,Common palm civet,6/19/1966
Armstrong,Nutty,501,"Possum, common brushtail",11/19/1973
Cherida,Mecchi,502,"Crake, african black",9/16/1965
Henderson,Bozier,503,Bee-eater (unidentified),12/29/1976
Jeromy,Jopp,504,"Stork, white",3/24/1968
Collie,Lackey,505,"Spoonbill, european",1/13/1978
Walt,Hessing,506,Giant otter,6/11/1988
Florrie,MacKeller,507,Sally lightfoot crab,2/1/1987
Francisco,Angrick,508,"Sandgrouse, yellow-throated",2/2/1970
Bernelle,Peeters,509,Tayra,2/25/1973
Hersh,Labb,510,"Squirrel, pine",11/14/1985
Shanie,Amsberger,511,Savannah deer (unidentified),8/2/1992
Nora,Shearer,512,Cape wild cat,3/15/1976
Tressa,Stockdale,513,South American sea lion,2/1/1983
Sayers,Stroyan,514,Black spider monkey,6/3/1972
Wald,Longstaffe,515,Blue and yellow macaw,12/10/1981
Querida,Yosifov,516,Long-crested hawk eagle,1/29/1965
Bibbie,Redpath,517,"Fox, bat-eared",9/16/1985
Janean,McCulley,518,Lesser flamingo,10/20/1964
Ritchie,Ragles,519,Green-backed heron,11/2/1974
Erik,Richford,520,Gray duiker,4/8/1974
Guglielma,Castagneri,521,"Cormorant, pied",10/24/1969
Valencia,Blackley,522,Tiger,4/9/1992
Harlen,Lehrmann,523,Western bearded dragon,12/27/1964
Gertrudis,Laugier,524,Four-spotted skimmer,1/12/1975
Ransom,Goor,525,"Lemur, ring-tailed",4/30/1993
Nicol,Deakan,526,"Gecko, bent-toed",5/7/1999
Nicolas,Mcimmie,527,"Legaan, ground",10/27/1970
Zara,Red,528,Striped dolphin,2/22/1991
Imogene,Ryves,529,Giraffe,8/8/1988
Renae,Anderl,530,"Robin, white-throated",10/10/1972
Sal,Kures,531,Collared lizard,12/12/1997
Trumaine,Pymar,532,Collared lizard,12/16/1973
Genna,McCaster,533,"Skua, great",12/3/1972
Ola,Turpey,534,Green vine snake,7/23/1967
Helen,Guarnier,535,"Bison, american",6/3/1986
Jaime,Keese,536,"Weaver, red-billed buffalo",12/10/1967
Maynord,Aleksich,537,Richardson's ground squirrel,5/3/1978
Elset,Chichgar,538,Indian porcupine,3/11/1977
Rosanne,Blaxter,539,Striped skunk,8/10/1996
Madison,Guare,540,Manatee,2/24/1979
Carin,Glanister,541,Blue-tongued skink,12/26/1984
Carma,Munday,542,Chestnut weaver,4/3/1966
Tate,Robertshaw,543,"Eagle, bateleur",1/24/1983
Virgil,Ronchetti,544,Orca,1/17/1990
Marlee,Lucia,545,"Lion, california sea",3/11/1981
Tiffy,Worswick,546,Mara,9/1/1983
Keefer,McKoy,547,Pale white-eye,8/21/1974
Neilla,Iacofo,548,Scottish highland cow,8/12/1975
Laney,Elion,549,Killer whale,9/8/1983
Wilow,Yankov,550,"Porcupine, indian",10/21/1986
Giorgio,Swapp,551,Tiger,5/9/1996
Robenia,Jeavon,552,Collared lizard,4/26/1995
Nigel,Klaus,553,Common boubou shrike,11/12/1982
Rachel,Comberbach,554,Asian foreset tortoise,8/27/1966
Yank,O'Sheilds,555,Black-tailed deer,3/8/1973
Clareta,Belleny,556,"Boa, emerald green tree",6/7/1984
Nerta,Toffolini,557,"Shrew, mandras tree",10/5/1969
Willi,Bowcock,558,"Oryx, beisa",3/8/1969
Grantham,Karlmann,559,Three-banded plover,1/15/1988
Nicolle,Abrahart,560,"Sungazer, yellow-brown",4/19/1991
Bert,Cornilli,561,Neotropic cormorant,6/14/1989
Moises,Morratt,562,Black rhinoceros,5/2/1991
Amalia,Andrei,563,"White-eye, cape",10/18/1979
Raychel,Jelk,564,Chital,6/2/1965
Bennie,Jendas,565,"Hornbill, southern ground",2/25/1995
Allin,Louthe,566,Bontebok,9/9/1983
Sutherland,Cursons,567,"Dragon, netted rock",12/12/1992
Belita,Mathieu,568,Tayra,1/26/1975
Mamie,Khristoforov,569,"Frogmouth, tawny",3/7/1972
Sallyanne,Heinle,570,"Dove, galapagos",4/12/1972
Fayre,Moorcraft,571,Groundhog,9/25/1987
Amii,Behnecken,572,"Kangaroo, western grey",11/24/1986
Harri,Sonnenschein,573,Black-tailed deer,6/4/1966
Arleta,Cotgrave,574,Eurasian beaver,9/16/1995
Konstance,Stanbrooke,575,"Cardinal, red-capped",10/27/1994
Gusella,Skipsea,576,Ferruginous hawk,12/19/1994
Morgana,Allright,577,"Otter, canadian river",1/15/1995
Olivero,Crampsey,578,Gray duiker,2/21/1966
Arlin,Moult,579,Rhesus macaque,1/12/1977
Ambrose,Dilleway,580,Eastern box turtle,1/18/1984
Tania,Colebourne,581,"Cormorant, pied",9/5/1982
Otis,Constanza,582,Australian pelican,6/3/1974
Patsy,Guidini,583,"Cockatoo, long-billed",10/23/1975
Lyda,Goldsby,584,Greylag goose,7/29/1979
Madelene,Cashman,585,"Cockatoo, slender-billed",9/2/1970
Lonna,Thirlwall,586,"Ibis, sacred",6/22/1992
Nerita,Hush,587,"Mouse, four-striped grass",8/15/1982
Joyce,Labden,588,Baleen whale,12/16/1978
Wyatan,Darnbrough,589,Wild water buffalo,1/3/1983
Hildagarde,Tomaskunas,590,"Lemur, lesser mouse",11/28/1979
Madeline,Bertwistle,591,Kinkajou,1/17/1987
Mitch,Gillicuddy,592,"Lion, mountain",5/13/1970
Evelin,Tenant,593,"Wombat, common",4/10/1981
Jessy,Patrone,594,Common boubou shrike,3/15/1986
Melitta,Border,595,Sarus crane,4/15/1993
Keith,Muckle,596,"Lory, rainbow",4/21/1978
Prudence,Eliesco,597,Black swan,1/8/1988
Eleen,Garfitt,598,"Monkey, red howler",2/8/1985
Terrill,McGilvra,599,Burmese black mountain tortoise,10/4/1991
Christy,Hannah,600,Laughing kookaburra,6/23/1968
Holly-anne,Ort,601,Little blue penguin,5/19/1972
Hersch,Layzell,602,Black spider monkey,7/13/1978
Janela,Scowen,603,Common rhea,4/26/1990
Hanna,Dadson,604,Red-necked phalarope,9/11/1987
Rosaleen,Ruddlesden,605,"Tortoise, indian star",10/31/1978
Allsun,Prettyjohn,606,"Plover, three-banded",8/30/1995
Bernie,Cholton,607,"Dragonfly, russian",8/14/1977
Odette,MacVagh,608,"Cat, african wild",5/4/1987
Heddie,Bampford,609,"Boa, columbian rainbow",12/28/1965
Edvard,Scottesmoor,610,South American meadowlark (unidentified),11/6/1980
Ethel,Coutthart,611,"Owl, snowy",3/13/1980
Manon,Puller,612,Common pheasant,1/20/1990
Blaire,Bool,613,Ring-necked pheasant,5/25/1976
Genna,Roath,614,Jabiru stork,10/25/1974
Ibbie,Bevington,615,African lion,6/23/1987
Kennan,Bonnette,616,Crested porcupine,8/10/1984
Tommi,Wartnaby,617,African buffalo,9/24/1976
Clywd,Reasun,618,"Kite, black",9/22/1994
Chrystal,Casassa,619,"Woodcock, american",7/31/1981
Marwin,Toft,620,Antelope ground squirrel,9/17/1997
Nickie,Chalice,621,Green-winged trumpeter,9/29/1979
Gustie,Welds,622,Madagascar hawk owl,9/13/1985
Percy,Vigar,623,Northern fur seal,5/28/1988
Sharline,Pearton,624,Sable antelope,10/26/1967
Lorettalorna,Caunter,625,Galapagos sea lion,8/3/1972
Cleon,MacNeillie,626,American black bear,11/6/1980
Ephrayim,Canavan,627,"Tamandua, southern",9/7/1987
Lizette,Garfoot,628,African polecat,7/30/1975
Carie,Randales,629,"Phalarope, red-necked",9/3/1997
Bendix,Wayt,630,Puku,4/1/1968
Marlyn,Mose,631,Crab-eating fox,11/26/1973
Laryssa,Barchrameev,632,"Peacock, blue",4/20/1972
Kirsteni,Lynskey,633,Javanese cormorant,2/24/1969
Cassandra,Torregiani,634,"Dik, kirk's dik",7/7/1987
Ax,Costar,635,Western pygmy possum,8/15/1990
Edyth,Mordy,636,Comb duck,9/12/1990
Elbertina,Ferrulli,637,American bison,11/28/1965
Perry,MacAllaster,638,Lesser double-collared sunbird,7/29/1980
Oswell,Grumley,639,"Spurfowl, yellow-necked",4/16/1984
Ryann,Morrid,640,"Legaan, Monitor (unidentified)",6/12/1974
Starr,Ferenczy,641,"Egret, snowy",7/12/1979
Jacquenette,Flack,642,Ostrich,6/28/1994
Meade,Yerlett,643,"Pademelon, red-legged",2/14/1966
Guillema,Oulett,644,Manatee,5/18/1982
Germaine,Ubanks,645,"Pelican, brown",9/7/1985
Starla,Bailes,646,"Gull, lava",4/27/1997
Rube,Quibell,647,Chameleon (unidentified),1/17/1998
Bastien,Prewett,648,"Squirrel, antelope ground",12/10/1975
Colin,Feaveryear,649,"Lion, south american sea",8/25/1995
Anni,Telford,650,"Stork, marabou",3/20/1990
Ellen,Cerith,651,Bushbuck,11/13/1967
Arlinda,Wroughton,652,"Hyena, brown",3/29/1979
Livia,Monshall,653,"Heron, yellow-crowned night",7/4/1990
Carlota,Nelligan,654,Indian star tortoise,7/12/1977
Rosie,Vamplers,655,"Gull, herring",8/11/1987
Leonore,Stedall,656,Lily trotter,7/11/1965
Dita,Mooring,657,Tawny eagle,4/1/1997
Leola,Dumphy,658,Steller sea lion,6/13/1976
Jaquelin,Cessford,659,Scarlet macaw,4/7/1985
Yancey,Nancekivell,660,"Parakeet, rose-ringed",11/16/1982
Tera,Lamball,661,Asian lion,4/30/1984
Chadwick,Dondon,662,Pronghorn,6/18/1985
Haley,Sadlier,663,Black-tailed tree creeper,11/24/1991
Purcell,Mobbs,664,"Zebra, plains",8/9/1983
Norma,Simecek,665,Lesser mouse lemur,7/19/1976
Marja,Le Barre,666,"Rat, white-faced tree",3/13/1970
Germain,Wathan,667,"Squirrel, richardson's ground",8/8/1981
Hadlee,Fellows,668,"Lion, galapagos sea",7/15/1971
Ailis,Butcher,669,"Boa, emerald green tree",4/21/1993
Carla,Rawstron,670,"Lizard, desert spiny",5/6/1978
Larisa,Lazer,671,"Tarantula, salmon pink bird eater",11/20/1972
Edlin,Stubbeley,672,"Heron, giant",1/20/1996
Jethro,Drake,673,Crimson-breasted shrike,10/5/1992
Carmen,McNysche,674,"Oryx, fringe-eared",3/28/1977
Cameron,Hebson,675,Lesser double-collared sunbird,4/26/1998
Layney,Jonas,676,African wild dog,5/23/1986
Parsifal,Cawthery,677,Malagasy ground boa,3/28/1998
Milt,Glavin,678,Common palm civet,12/19/1985
Staffard,McGeachey,679,"Cardinal, red-capped",9/7/1999
Joachim,O'Fallowne,680,Vine snake (unidentified),2/14/1972
Debbie,Manass,681,"Tern, white-winged black",6/30/1965
Cairistiona,Gravestone,682,"Frogmouth, tawny",5/29/1994
Melitta,Hiscoke,683,"Squirrel, uinta ground",11/8/1987
Crawford,Lawful,684,Blue waxbill,5/20/1989
Burg,Gardiner,685,Stanley crane,6/11/1999
Neale,Cortin,686,"Goose, greylag",2/6/1977
Aubrey,Gobel,687,Denham's bustard,11/29/1982
Davin,Sterzaker,688,Short-beaked echidna,10/11/1972
Mariette,Leffek,689,"Tortoise, burmese brown mountain",11/30/1991
Caldwell,Sally,690,"Lemming, arctic",6/16/1993
Emlyn,Thominga,691,"Tenrec, tailless",1/31/1967
Kassey,Frenzel;,692,"Kingfisher, malachite",10/25/1997
Rolando,Ranshaw,693,Puma,1/30/1986
Norman,Linnitt,694,Kelp gull,10/8/1964
Carlotta,Vine,695,Eastern white pelican,3/3/1973
Red,Ragbourn,696,"Kangaroo, jungle",3/10/1987
Suzann,Brandli,697,"Seal, northern elephant",10/25/1980
Arlana,Comellini,698,Springbuck,6/3/1997
Duane,Shortin,699,Pronghorn,4/19/1997
Ferdinand,Headly,700,White-winged tern,7/10/1973
Jordain,Crisall,701,Chimpanzee,6/5/1982
Lanni,Beachamp,702,"Mongoose, javan gold-spotted",3/11/1994
Blair,Rosenstiel,703,"Lizard, blue-tongued",3/15/1975
Devondra,Crossgrove,704,Red-tailed hawk,1/9/1979
Ruthie,Mathouse,705,"Drongo, fork-tailed",1/4/1970
Brooke,Malamore,706,"Otter, oriental short-clawed",7/29/1983
Patin,Hambleton,707,"Colobus, magistrate black",1/18/1992
Gilbertine,Veighey,708,Chimpanzee,2/13/1977
Mirna,Marrow,709,"Tern, arctic",10/5/1994
Kizzie,How,710,White-mantled colobus,9/5/1965
Aldon,Wakeham,711,Kalahari scrub robin,7/14/1981
Myrvyn,Lidgely,712,"Tortoise, burmese brown mountain",3/14/1985
Jorey,Rarity,713,Frilled dragon,1/6/1998
Leah,Ellor,714,"Ox, musk",6/9/1995
Colby,Beese,715,"Crane, blue",9/21/1995
Ardene,Chewter,716,"Alligator, mississippi",2/15/1986
Tomasine,Eccersley,717,"Dog, bush",6/26/1977
Darell,O' Hogan,718,Lizard (unidentified),5/14/1969
Ekaterina,Minmagh,719,Common brushtail possum,9/11/1978
Shelli,Parrington,720,Sea birds (unidentified),4/7/1979
Charlena,Penney,721,"Catfish, blue",9/24/1986
Tore,Lergan,722,Red meerkat,3/24/1975
Audre,Swinyard,723,"Goose, cereopsis",5/5/1975
Dean,Ovill,724,"Vulture, white-rumped",12/22/1992
Violante,Fetters,725,Crested porcupine,10/28/1994
Carilyn,Withull,726,Salmon pink bird eater tarantula,8/18/1994
Sibbie,Oxteby,727,Yellow baboon,4/17/1996
Simone,Beney,728,"Bat, madagascar fruit",8/2/1976
Dulcia,Weatherburn,729,"Gecko, barking",4/15/1985
Alicia,Comizzoli,730,"Squirrel, pine",5/14/1978
Mike,Gurley,731,Collared lemming,5/30/1969
Hayward,Algeo,732,Scottish highland cow,9/11/1993
Sinclair,Blyden,733,Spectacled caiman,7/16/1984
Sigrid,Bezant,734,"Waxbill, violet-eared",1/16/1973
Cordelia,Pinnegar,735,Black-capped chickadee,9/28/1966
Abeu,De Micoli,736,Red squirrel,7/23/1974
Emelda,Vautre,737,"Jackal, black-backed",5/17/1982
George,Tayler,738,"Porcupine, prehensile-tailed",1/15/1975
Kaiser,O'Grogane,739,Southern right whale,12/26/1970
Kaycee,Beadles,740,"Antelope, sable",5/4/1988
Antonio,Langhor,741,Giant anteater,8/18/1971
Paolina,Pimlett,742,"Stork, saddle-billed",4/19/1993
Andrew,Meiklem,743,Prehensile-tailed porcupine,5/9/1992
Heddie,Hendonson,744,Collared lemming,11/27/1983
Cameron,De Benedictis,745,Blue crane,3/29/1968
Tersina,Fullegar,746,"Boa, columbian rainbow",10/6/1988
Katharyn,Disbrey,747,Coyote,6/22/1975
Abbye,Cristofanini,748,"Badger, eurasian",9/9/1995
Standford,Stourton,749,Common duiker,3/12/1994
Alis,Ayliffe,750,"Cormorant, little",12/30/1986
Julie,Sille,751,"Pie, indian tree",5/25/1978
Basilio,Wheildon,752,Secretary bird,12/10/1988
Cassi,Pantin,753,"Pintail, bahama",12/27/1986
Maria,Mountlow,754,"Macaw, blue and gold",10/3/1994
Harriott,Dollard,755,"Starling, cape",12/23/1995
Margarita,Halle,756,"Hornbill, yellow-billed",6/28/1988
Chrissy,Shuker,757,"Porcupine, north american",4/6/1967
Jacinda,Blankhorn,758,Richardson's ground squirrel,3/6/1994
Ashla,Aubray,759,American beaver,1/16/1982
Lizabeth,Yushkov,760,Brush-tailed phascogale,7/14/1994
Bernete,Minall,761,Common rhea,3/3/1982
Auberta,Zecchetti,762,Nyala,5/20/1993
Egan,Weddeburn,763,Andean goose,7/21/1970
Walt,Harman,764,Springhare,11/11/1987
Alix,Henker,765,Ring-tailed lemur,7/5/1987
Gus,Mundle,766,Golden jackal,4/14/1994
Claudio,Berthon,767,"Glider, feathertail",12/28/1970
Eveline,Crampsy,768,"Goose, cape barren",2/28/1970
Bekki,Pagnin,769,Paddy heron (unidentified),1/28/1999
Lev,Dormer,770,"Hornbill, southern ground",9/13/1965
Selena,Adolfson,771,Kaffir cat,6/23/1983
Dan,Syder,772,Caracara (unidentified),11/30/1990
Travis,Audas,773,"Cobra, cape",7/30/1974
Brittani,Cowthard,774,"Cormorant, great",8/14/1974
Bernice,Spadazzi,775,Monitor lizard (unidentified),10/12/1986
Filberte,Duggleby,776,White-mantled colobus,2/22/1988
Alvera,Clynmans,777,Cheetah,9/12/1979
Darelle,Wilcockes,778,Galah,2/7/1997
Clarance,Pancast,779,White spoonbill,6/12/1981
Tildie,Cassel,780,Yellow-billed stork,4/27/1979
Linea,Twyford,781,Greater rhea,2/13/1991
Gawen,Lumbly,782,"Bushbaby, large-eared",10/20/1989
Leshia,McElree,783,"Fox, bat-eared",9/26/1978
Tracie,Gimlet,784,"Mongoose, yellow",2/3/1978
Glenine,Gagie,785,African elephant,11/6/1969
Ilysa,Roland,786,Malabar squirrel,12/19/1971
Chan,Godfree,787,Yellow-brown sungazer,2/3/1996
Boot,Hirschmann,788,"Tamandua, southern",11/18/1988
Dael,Chansonne,789,"Dove, mourning collared",11/13/1969
Janeen,Bricknall,790,Turkey vulture,1/10/1975
Tersina,Earingey,791,"Openbill, asian",1/4/1994
Aryn,Haselhurst,792,Gray langur,10/7/1980
Arv,Bearsmore,793,Agouti,1/26/1985
Odell,Lenthall,794,"Wambenger, red-tailed",8/12/1980
Jameson,Dimmock,795,Great egret,3/23/1972
Mirelle,Hamer,796,"Heron, giant",12/28/1980
Verna,Skellern,797,"Gull, dusky",12/14/1974
Gav,Marcos,798,"Rhinoceros, white",9/15/1991
Sheila,Isabell,799,Eurasian badger,2/8/1991
Garner,Vanstone,800,Collared lemming,6/14/1995
Kellen,O'Gormley,801,Black-faced kangaroo,8/4/1970
Thorin,Calcut,802,Swallow-tail gull,8/19/1979
Moses,Hinchcliffe,803,White-tailed jackrabbit,7/10/1983
Sherwin,Jayme,804,Common melba finch,8/13/1983
Edi,Hugnin,805,House crow,10/16/1984
Dannie,Rizzini,806,Eurasian beaver,10/27/1994
Amalea,Remer,807,Tropical buckeye butterfly,1/11/1968
Carlina,Tosh,808,Mississippi alligator,5/28/1968
Thornton,Funcheon,809,Arctic ground squirrel,1/11/1985
Gilbertina,Kirsch,810,White-winged tern,2/19/1970
Harriet,Siemianowicz,811,"Loris, slender",11/6/1975
Marybeth,Bulbrook,812,White-nosed coatimundi,4/3/1998
Karil,Saunter,813,"Badger, european",10/7/1982
Tori,Cradey,814,"Squirrel, european red",1/29/1995
Morley,Belward,815,"Fox, crab-eating",10/3/1980
Natala,Blencoe,816,"Seal, northern elephant",4/8/1968
Rorie,Cumberbatch,817,Chimpanzee,3/25/1991
Tulley,Phillcox,818,"Gorilla, western lowland",8/24/1980
Kendre,Childers,819,"Polecat, african",8/24/1986
Kienan,Scouse,820,"Porcupine, crested",4/29/1989
Jeannie,Harrowing,821,"Hartebeest, coke's",6/28/1995
Kaylil,Wittke,822,Caracara (unidentified),5/24/1980
Yorgos,Daingerfield,823,"Squirrel, african bush",1/27/1978
Crysta,Antonucci,824,"Dolphin, bottle-nose",3/8/1985
Simeon,Guilloton,825,"Baboon, gelada",2/18/1973
Reagen,Ollive,826,"Quoll, spotted-tailed",10/24/1974
Carney,Friedlos,827,Pine snake (unidentified),10/7/1986
Cristy,Brum,828,"Kiskadee, great",8/9/1983
Vilhelmina,Champagne,829,"Dragon, western bearded",3/1/1981
Phyllis,Whittaker,830,"Peacock, indian",4/8/1973
Helyn,Mayworth,831,Lesser flamingo,4/23/1971
Nicolai,Darthe,832,Banded mongoose,12/25/1969
Constantine,Gerran,833,Cook's tree boa,8/21/1972
Gilbertina,Antony,834,"Beaver, north american",1/23/1987
Violetta,Rutgers,835,"Cow, scottish highland",6/30/1988
Ketti,Graves,836,Chital,8/28/1996
Jorie,McNea,837,"Swan, black",4/13/1997
Maren,Cettell,838,Cape white-eye,1/13/1985
Dorolisa,Grinnell,839,"Kite, black",10/11/1967
Trumaine,Neles,840,"Dove, laughing",12/28/1971
Ealasaid,Pasquale,841,"Squirrel, richardson's ground",4/16/1981
Janenna,Jansson,842,"Kangaroo, jungle",1/19/1980
Gertruda,Olennikov,843,Cuis,3/16/1967
Thia,Keats,844,"Seal, northern fur",6/10/1979
Juline,Olivari,845,Yellow-throated sandgrouse,2/15/1987
Ezekiel,Colclough,846,European spoonbill,4/17/1983
Reine,Latore,847,Pale-throated three-toed sloth,9/23/1996
Brian,Broad,848,Gray langur,12/21/1987
Fidelity,Allman,849,African polecat,7/9/1976
Cassie,Pellew,850,"Drongo, fork-tailed",3/19/1998
Odele,Dawdary,851,African bush squirrel,2/25/1967
Jaclyn,Hardes,852,Black-backed magpie,9/21/1978
Becky,Finden,853,Cape wild cat,12/23/1974
Kassandra,Clorley,854,Miner's cat,4/22/1966
Gaynor,Chooter,855,"Parrot, hawk-headed",7/8/1980
Tessy,Blemen,856,Common waterbuck,4/27/1987
Gustave,Heiner,857,Saddle-billed stork,3/8/1966
Barrie,Fairbridge,858,Bare-faced go away bird,9/2/1993
Bryon,Hendrix,859,"Tern, white-winged black",4/30/1990
Goldia,Blaise,860,"Barbet, black-collared",3/15/1994
Abbie,Leys,861,"Whale, long-finned pilot",7/7/1973
Damaris,Ceney,862,"Dove, little brown",11/5/1989
Augustin,Danielovitch,863,Blue peacock,8/23/1997
Eddie,Marcoolyn,864,Rose-ringed parakeet,7/27/1968
Nicolas,Fewtrell,865,"Sungazer, yellow-brown",2/16/1988
Eric,Corteney,866,Nelson ground squirrel,4/24/1968
Noah,Bolver,867,"Heron, goliath",9/19/1983
Yoshiko,Nutter,868,"Crake, african black",5/20/1997
Immanuel,Barstow,869,Uinta ground squirrel,5/23/1981
Carine,Zollner,870,"Shrike, southern white-crowned",7/27/1975
Cindi,Remington,871,Saddle-billed stork,6/5/1980
Gordie,Everwin,872,"Rhea, common",2/25/1994
Micaela,McNally,873,"Goat, mountain",3/28/1997
Harmony,Wavish,874,"Wombat, common",4/17/1980
Erma,Fadian,875,Barasingha deer,8/22/1976
Marla,Allington,876,Blacksmith plover,2/21/1998
Conn,MacPadene,877,Neotropic cormorant,4/21/1988
Land,Goadbie,878,Silver-backed jackal,4/5/1973
Noni,MacGauhy,879,Painted stork,2/25/1998
Isak,Skeel,880,"Skimmer, four-spotted",10/9/1966
Steffie,MacKibbon,881,"Plover, blacksmith",1/19/1978
Karoly,Brookton,882,Black-tailed tree creeper,12/25/1987
Rodrick,Ferreres,883,American crow,6/18/1989
Cherrita,Collerd,884,Onager,5/19/1968
Camellia,Mougin,885,Red brocket,2/6/1990
Lucinda,Haveline,886,Dabchick,10/25/1993
Somerset,Mandrake,887,"Wombat, southern hairy-nosed",8/6/1988
Geri,MacColl,888,Black-crowned crane,2/18/1994
Aaron,Dreng,889,Great white pelican,7/4/1998
Elia,Conlaund,890,"Egret, snowy",11/14/1975
Karoly,Radley,891,Long-billed cockatoo,1/2/1970
Correy,Stuart,892,Platypus,11/9/1981
Leandra,Brown,893,Wild boar,10/16/1995
Tamas,Prendeville,894,Bennett's wallaby,6/29/1965
Benoit,Buffham,895,"Otter, giant",1/21/1969
Brook,de Mullett,896,Musk ox,7/29/1967
Nicol,Goldhill,897,Harbor seal,10/29/1967
Bud,Ilyasov,898,Savanna fox,3/31/1966
Caryl,Tapp,899,Bush dog,7/16/1989
Eugene,Dolton,900,"Cat, ringtail",7/2/1993
Alain,Blunt,901,Lesser flamingo,9/22/1973
Aubrey,Boichat,902,Kelp gull,8/26/1989
Zak,Antoniades,903,"Bustard, denham's",12/22/1975
Mirabelle,Wenderott,904,"Fox, cape",8/14/1975
Claudian,McNae,905,"Quoll, eastern",6/9/1986
Forrester,Laborda,906,"Monitor, white-throated",4/28/1997
Hedvige,Tander,907,Grison,10/8/1997
Aubrette,Cobello,908,"Heron, striated",4/17/1986
Laurice,Matiashvili,909,"Pintail, bahama",12/19/1980
Roseline,Ferreres,910,"Gazer, sun",10/2/1989
Jameson,Hilldrup,911,Suricate,9/8/1998
Claudina,Caswill,912,"Fox, blue",6/17/1996
Kinsley,Mansell,913,"Starling, red-shouldered glossy",6/11/1992
Garret,Arents,914,Blue shark,7/1/1976
Addie,Strangeway,915,American Virginia opossum,7/19/1965
Elizabet,Hustings,916,Asiatic wild ass,12/10/1998
Cordy,Presser,917,Blue racer,6/12/1988
Connor,Rushbury,918,Roe deer,3/28/1980
Bernardina,Zukierman,919,"Mynah, indian",3/13/1994
Neill,Paggitt,920,White-throated kingfisher,7/23/1977
Friedrich,Kynton,921,"Lemur, lesser mouse",8/7/1968
Eadmund,Glison,922,"Zebra, plains",3/30/1994
Harcourt,Cowern,923,Tiger cat,1/20/1972
Sunny,Spleving,924,"Lion, australian sea",11/14/1976
Blair,Liddle,925,Chilean flamingo,6/22/1990
Neile,Frayling,926,"Hawk, red-tailed",4/12/1967
Gussi,Climie,927,"Jackal, silver-backed",10/25/1992
Codie,Cornely,928,Anaconda (unidentified),5/6/1996
Freddi,Willstrop,929,"Weaver, white-browed sparrow",8/19/1998
Josselyn,Gordon,930,"Deer, barasingha",12/8/1975
Der,Barratt,931,"Magpie, black-backed",12/10/1986
Opalina,Enders,932,Green-backed heron,2/14/1993
Jesse,Normanell,933,"Avocet, pied",2/21/1973
Natalie,Moyle,934,"Lion, south american sea",9/28/1972
Brynna,Compston,935,Puma,8/16/1987
Keenan,Clatworthy,936,"Monkey, red howler",2/18/1970
Heida,Dyball,937,"Swan, black",11/2/1966
Forbes,Crookshank,938,"Possum, ring-tailed",8/4/1992
Sumner,Glyde,939,Collared lemming,4/9/1979
Klement,Awty,940,"Monitor, two-banded",11/17/1981
Tilly,Dossit,941,"Genet, common",10/4/1976
Heddi,Dawson,942,Chuckwalla,12/25/1971
Dorelle,McEllen,943,Red-tailed wambenger,9/20/1985
Tallie,Bertin,944,Arctic hare,2/27/1965
Debi,Kmicicki,945,"Plover, blacksmith",10/14/1978
Devin,Kochs,946,"Trumpeter, dark-winged",1/23/1990
Gris,Devita,947,Yellow-billed stork,11/4/1980
Giovanna,Filippo,948,Yellow-throated sandgrouse,7/8/1972
Aldous,Mugridge,949,Australian brush turkey,11/3/1984
Jacqueline,Mebes,950,"Cormorant, neotropic",8/21/1979
Pet,Lambrechts,951,Golden jackal,2/20/1991
Clo,Durden,952,Long-billed corella,9/20/1965
Freida,Pridmore,953,"Lemur, grey mouse",5/26/1976
Archibold,Roubert,954,Prehensile-tailed porcupine,1/26/1986
Denyse,Phifer,955,"Caiman, spectacled",6/3/1972
Dylan,Versey,956,Clark's nutcracker,11/28/1977
Chandler,Di Francesco,957,Blue-breasted cordon bleu,5/8/1972
Minnaminnie,Hawkeswood,958,"Raven, cape",10/9/1967
Sampson,Champniss,959,Coyote,1/22/1995
Frank,Rosebotham,960,Dark-winged trumpeter,4/23/1999
Alys,Armatage,961,Potoroo,9/26/1980
Meade,Spafford,962,Gerenuk,11/23/1973
Stefan,Toyne,963,Python (unidentified),7/28/1966
Franny,Buzza,964,"Seal, harbor",7/16/1985
Toby,Hare,965,Sea birds (unidentified),4/13/1999
Tobit,Kasman,966,Oriental short-clawed otter,10/14/1968
Sunny,Blockey,967,"Otter, canadian river",10/30/1984
Rowen,Rosenfield,968,"Antelope, sable",4/23/1977
Celine,Gaddas,969,"Wolf, timber",5/22/1971
Karlie,Leary,970,Swamp deer,9/29/1985
Bondon,Stanistreet,971,Defassa waterbuck,12/13/1984
Kirby,Raubenheimer,972,"Gull, silver",3/27/1986
Katee,Heyball,973,Arctic tern,4/16/1996
Janean,Grunwald,974,Grizzly bear,5/4/1965
Blythe,Alflat,975,Grizzly bear,3/16/1979
Jaquelin,Alan,976,"Tern, white-winged black",12/20/1978
Harcourt,Meeks,977,"Squirrel, smith's bush",3/31/1988
Siusan,Dalliston,978,Burmese brown mountain tortoise,4/26/1967
Leonore,Niave,979,Southern sea lion,1/23/1976
Miller,McGillivrie,980,Southern right whale,3/10/1985
Johnny,Alten,981,"Crane, stanley",3/12/1968
Hardy,Whyatt,982,Gulls (unidentified),12/6/1966
Raye,Abel,983,"Legaan, water",3/28/1991
Phineas,Jakubczyk,984,South American sea lion,8/19/1981
Kathe,Halvorsen,985,"Bustard, stanley",4/25/1994
Claire,Phillips,986,"Mongoose, javan gold-spotted",8/6/1999
Dorise,Hewell,987,Green-winged trumpeter,10/27/1968
Piggy,Pithie,988,Australian brush turkey,12/30/1977
Etti,Parkman,989,"Falcon, prairie",1/24/1995
Eba,Nockolds,990,Saddle-billed stork,1/3/1996
Rebecka,De Lascy,991,Common shelduck,11/26/1990
Phillida,Romanet,992,"Goldeneye, barrows",3/9/1998
Kerrill,Thomasen,993,Crab-eating fox,7/25/1989
Siegfried,Brithman,994,"Pheasant, ring-necked",4/28/1990
Alvy,Defries,995,Blue-tongued skink,11/15/1983
Cliff,Stockney,996,"Sungazer, yellow-brown",8/24/1977
Legra,Dyment,997,White-necked stork,5/28/1980
Lesley,Mateuszczyk,998,Oriental short-clawed otter,11/29/1967
Brian,Ohanessian,999,Black-capped chickadee,10/16/1982
Adey,Hearsey,1000,Common zorro,7/11/1972
