first_name,id,gender,type,date
Trever,1,Male,"Squirrel, red",3/23/2005
Koressa,2,Female,Common duiker,12/4/2000
Pascale,3,Male,Brown hyena,9/5/2013
Fanechka,4,Female,"Booby, blue-footed",1/23/2001
Verena,5,Female,"Marten, american",5/6/2005
Hilary,6,Male,Blue and yellow macaw,10/7/2002
Angelique,7,Female,Dabchick,7/17/2017
Celisse,8,Female,"Coatimundi, ring-tailed",1/25/2012
Chevalier,9,Male,Western patch-nosed snake,11/12/2009
Conant,10,Male,"Goose, knob-nosed",9/18/2002
Moshe,11,Male,Butterfly (unidentified),6/9/2017
Woodrow,12,Male,White-tailed deer,12/31/2013
Jecho,13,Male,Clark's nutcracker,12/15/2017
Sile,14,Female,Boat-billed heron,7/24/2019
Shermy,15,Male,White-throated robin,8/27/2018
Rochette,16,Female,"Marshbird, brown and yellow",1/12/2017
Ada,17,Female,"Wombat, common",6/17/2010
Shelba,18,Female,"Nuthatch, red-breasted",2/20/2017
Dietrich,19,Male,Puma,7/6/2015
Deeyn,20,Female,"Mongoose, javan gold-spotted",11/25/2012
Glad,21,Female,"Parrot, hawk-headed",3/5/2019
Valle,22,Male,Gila monster,4/2/2004
Margaux,23,Female,Painted stork,2/19/2019
Shea,24,Male,Ground monitor (unidentified),6/25/2007
Rebecka,25,Female,"Bat, little brown",6/19/2013
Nicko,26,Male,Eurasian hoopoe,6/23/2018
Arvie,27,Male,Striped skunk,9/20/2016
Cassondra,28,Female,"Turkey, wild",1/25/2018
Lynnea,29,Female,"Monitor, two-banded",9/19/2017
Emile,30,Male,Plains zebra,9/25/2017
Arni,31,Male,"Cormorant, javanese",8/8/2019
Lyndell,32,Female,Snowy sheathbill,11/28/2014
Klaus,33,Male,Hoffman's sloth,7/25/2015
Basilius,34,Male,"Waterbuck, common",6/22/2014
Thorndike,35,Male,"Hawk, ferruginous",2/1/2012
Fairleigh,36,Male,"Polecat, african",6/4/2004
Virgil,37,Male,Ring-tailed coatimundi,3/18/2006
Christie,38,Male,White-rumped vulture,7/2/2012
Ashlee,39,Female,Green vine snake,12/2/2018
Tarra,40,Female,"Fox, north american red",12/12/2016
Aurthur,41,Male,Bushpig,7/20/2004
Curran,42,Male,Arctic hare,7/24/2019
Joli,43,Female,"Marmot, yellow-bellied",6/21/2010
Banky,44,Male,Magellanic penguin,7/14/2018
Mirelle,45,Female,"Goose, snow",8/19/2002
Engelbert,46,Male,"Admiral, indian red",3/24/2018
Anselma,47,Female,Turtle (unidentified),8/24/2004
Kelby,48,Male,"Lemur, grey mouse",4/25/2003
Winfred,49,Male,Eastern box turtle,8/4/2013
Nettie,50,Female,Striped hyena,4/26/2013
Garwin,51,Male,"Lion, south american sea",2/16/2016
Aigneis,52,Female,White-faced whistling duck,8/26/2005
Ketty,53,Female,Roan antelope,5/24/2002
Vail,54,Male,Baleen whale,3/26/2002
June,55,Female,Asian false vampire bat,8/17/2015
Albertine,56,Female,Common nighthawk,6/10/2014
Jacquelin,57,Female,Canadian river otter,6/24/2013
Dov,58,Male,Whip-tailed wallaby,11/24/2011
Hyacinth,59,Female,Blesbok,10/2/2017
Emmi,60,Female,Black-backed magpie,5/25/2016
Evangelina,61,Female,Knob-nosed goose,6/16/2005
Clint,62,Male,"Flamingo, lesser",3/14/2019
Fidelio,63,Male,"Capuchin, weeper",11/5/2011
Irene,64,Female,Fisher,8/3/2004
Lisabeth,65,Female,Roseat flamingo,4/9/2001
Dorolice,66,Female,"Squirrel, red",12/12/2008
Gregor,67,Male,"Cat, ringtail",10/17/2006
Logan,68,Male,Bohor reedbuck,10/29/2012
Vinny,69,Male,Long-tailed spotted cat,2/9/2005
Fowler,70,Male,Scottish highland cow,10/19/2003
Emlen,71,Male,"Jackal, black-backed",9/29/2005
Ruthy,72,Female,Southern elephant seal,10/10/2010
Hershel,73,Male,"Seal, northern elephant",1/17/2017
Ermanno,74,Male,Blue and gold macaw,6/24/2013
Brenden,75,Male,Golden brush-tailed possum,11/13/2005
Shane,76,Female,"Capuchin, black-capped",5/29/2006
Elfie,77,Female,"Siskin, pine",5/15/2005
Web,78,Male,"Snake, western patch-nosed",7/22/2010
Garv,79,Male,Flightless cormorant,4/29/2018
Ellie,80,Female,"Cardinal, black-throated",3/17/2012
Ingrim,81,Male,Worm snake (unidentified),11/24/2003
Emalee,82,Female,Land iguana,2/5/2005
Ranna,83,Female,Bennett's wallaby,7/25/2013
Robinet,84,Female,"Dove, white-winged",5/31/2014
Joan,85,Female,Woodchuck,4/2/2013
Sanson,86,Male,"Baboon, olive",5/31/2008
Peg,87,Female,"Egret, great",9/7/2006
Ozzie,88,Male,Slender-billed cockatoo,4/17/2019
Star,89,Female,"Bee-eater, white-fronted",6/17/2014
Dede,90,Female,"Porcupine, prehensile-tailed",4/18/2017
Taddeo,91,Male,Red squirrel,1/22/2012
Shara,92,Female,"Robin, white-throated",12/31/2010
Elli,93,Female,"Dragon, ornate rock",5/1/2007
Noella,94,Female,Red-necked phalarope,3/4/2011
Cary,95,Male,Caracal,6/24/2018
Joyan,96,Female,Cook's tree boa,4/1/2002
Ernst,97,Male,Onager,10/18/2011
Marylee,98,Female,"Hornbill, leadbeateri's ground",11/3/2002
Yancy,99,Male,"Hoopoe, eurasian",10/25/2001
Cullan,100,Male,"Finch, common melba",9/28/2005
Terrijo,101,Female,Greater roadrunner,5/22/2019
Mathias,102,Male,Blue waxbill,7/4/2014
Joscelin,103,Female,"Cockatoo, red-tailed",11/11/2007
Suzy,104,Female,Red-tailed cockatoo,11/10/2002
Nicola,105,Male,Thirteen-lined squirrel,12/2/2005
Bonny,106,Female,Gemsbok,5/23/2001
Sara-ann,107,Female,Swallow (unidentified),9/3/2015
Liliane,108,Female,"Turaco, violet-crested",1/22/2014
Ferdinande,109,Female,"Starling, greater blue-eared",12/17/2014
Eileen,110,Female,European stork,11/1/2003
Chickie,111,Female,Arctic fox,9/6/2003
Ronni,112,Female,"Bandicoot, short-nosed",4/10/2003
Sharona,113,Female,"Cat, cape wild",6/16/2014
Devi,114,Female,Violet-eared waxbill,7/1/2015
Scotti,115,Male,Long-necked turtle,3/3/2019
Sollie,116,Male,Margay,7/26/2006
Anabella,117,Female,"Tortoise, asian foreset",5/8/2004
Loralyn,118,Female,"Weaver, chestnut",7/21/2011
Dacey,119,Female,Dark-winged trumpeter,4/18/2007
Olympia,120,Female,Giant girdled lizard,9/23/2001
Gilbertine,121,Female,Australian masked owl,2/16/2014
Fabe,122,Male,Paradoxure,12/27/2002
Kenna,123,Female,European spoonbill,2/6/2004
Salomi,124,Female,Beisa oryx,3/9/2014
Pauline,125,Female,White-winged dove,10/9/2014
Vin,126,Female,Red-tailed hawk,3/30/2010
Brooke,127,Male,Coke's hartebeest,7/20/2019
Spence,128,Male,"Bustard, stanley",10/5/2003
Earvin,129,Male,Purple moorhen,7/2/2007
Jade,130,Female,American buffalo,5/4/2015
Derk,131,Male,Feathertail glider,4/8/2005
Sandro,132,Male,Small-clawed otter,3/2/2004
Oran,133,Male,Common waterbuck,6/26/2012
Doy,134,Male,"Langur, hanuman",8/1/2011
Anita,135,Female,"Gnu, brindled",8/7/2011
Xenos,136,Male,"Raven, cape",3/13/2003
Patricia,137,Female,"Eland, common",12/19/2006
Jojo,138,Female,"Otter, small-clawed",3/22/2008
Sharla,139,Female,"Hawk, red-tailed",10/18/2010
Sarena,140,Female,Bent-toed gecko,7/14/2007
Yehudit,141,Male,Laughing kookaburra,3/23/2013
Constantine,142,Female,"Glider, feathertail",12/11/2000
Tonya,143,Female,"Dolphin, striped",12/19/2009
Griselda,144,Female,Egyptian viper,12/17/2009
Monah,145,Female,"Marmot, hoary",9/13/2007
Victoria,146,Female,"Goose, cereopsis",2/1/2012
Lief,147,Male,"Heron, boat-billed",10/16/2012
Amber,148,Female,Mudskipper (unidentified),7/29/2002
Gretel,149,Female,African lynx,8/14/2005
Martie,150,Male,"Bear, black",1/7/2018
Alicia,151,Female,"Cockatoo, slender-billed",7/18/2006
Regan,152,Male,Darwin ground finch (unidentified),3/5/2004
Lynnea,153,Female,"Camel, dromedary",2/8/2016
Donetta,154,Female,"Langur, gray",8/8/2015
Nedda,155,Female,"Lourie, grey",7/19/2004
Ursola,156,Female,Andean goose,4/28/2001
Dione,157,Female,Caribou,7/10/2015
Leoline,158,Female,"Lark, horned",8/20/2016
Manya,159,Female,Magistrate black colobus,12/25/2016
Joete,160,Female,Red-billed toucan,2/29/2004
Herc,161,Male,"Armadillo, giant",3/19/2010
Micky,162,Male,"Weaver, sociable",1/2/2003
Lucias,163,Male,Bushbuck,6/16/2010
Bonnie,164,Female,"Skink, african",2/16/2007
Estrella,165,Female,"Bee-eater, nubian",7/3/2010
Iver,166,Male,Emu,2/15/2014
Tyrone,167,Male,African skink,8/16/2011
Pippa,168,Female,Campo flicker,1/16/2014
Giacobo,169,Male,Malay squirrel (unidentified),5/25/2003
Dagmar,170,Female,Helmeted guinea fowl,6/28/2015
Gibbie,171,Male,Buttermilk snake,3/2/2003
Emlen,172,Male,Eastern boa constrictor,9/16/2017
Traci,173,Female,"Coatimundi, ring-tailed",11/24/2006
Gradeigh,174,Male,Sarus crane,9/21/2013
Clovis,175,Female,Large cormorant,3/23/2017
Carlie,176,Male,Barasingha deer,6/3/2018
Ulises,177,Male,"Robin, kalahari scrub",3/19/2018
Dietrich,178,Male,"Marmot, hoary",12/8/2007
Blaine,179,Male,Black vulture,4/27/2004
Mayor,180,Male,Agama lizard (unidentified),6/29/2014
Jemmy,181,Female,Tiger,1/22/2010
Nikos,182,Male,Rainbow lory,12/18/2015
Xerxes,183,Male,"Cat, cape wild",11/19/2010
Culley,184,Male,"Lion, african",6/15/2006
Hoyt,185,Male,Tiger cat,8/20/2007
Rozella,186,Female,"Vulture, lappet-faced",12/16/2016
Carter,187,Male,Bald eagle,12/25/2003
Lane,188,Male,Eastern indigo snake,10/26/2010
Mohammed,189,Male,"Gull, herring",10/30/2013
Hortensia,190,Female,"Antechinus, brown",7/19/2010
Ferdie,191,Male,"Roadrunner, greater",5/27/2018
Humberto,192,Male,"Screamer, southern",10/1/2004
Maynord,193,Male,Water legaan,11/4/2009
Shawna,194,Female,White-browed owl,9/4/2017
Ilario,195,Male,"Tenrec, tailless",7/15/2012
Daphne,196,Female,Pronghorn,7/24/2016
Hermie,197,Male,American beaver,8/4/2012
Guillaume,198,Male,Short-beaked echidna,2/14/2012
Florri,199,Female,"Bulbul, black-fronted",4/24/2007
Garrard,200,Male,Eastern indigo snake,6/17/2012
Mitchell,201,Male,African clawless otter,10/17/2013
Stan,202,Male,African darter,10/8/2009
Lydia,203,Female,"Capuchin, weeper",3/14/2006
Alyse,204,Female,"Lark, horned",2/21/2002
Cobb,205,Male,"Starfish, crown of thorns",11/27/2000
Romona,206,Female,American crow,4/23/2014
Scarlett,207,Female,Green heron,12/22/2008
Fons,208,Male,Orca,7/4/2016
Gayel,209,Female,Scaly-breasted lorikeet,9/8/2009
Addy,210,Male,Striped dolphin,11/23/2015
Angelique,211,Female,Feathertail glider,4/29/2008
Nikolaos,212,Male,"Oryx, beisa",4/17/2005
Fiann,213,Female,"Darter, african",3/21/2014
Maryann,214,Female,Blue-tongued skink,11/20/2005
Kassey,215,Female,"Langur, hanuman",9/9/2010
Anatollo,216,Male,"Screamer, southern",12/16/2001
Gallard,217,Male,"Bat, little brown",5/19/2013
Clem,218,Male,Ostrich,11/19/2001
Editha,219,Female,Blackbuck,4/10/2016
Simone,220,Female,Western grey kangaroo,2/17/2002
Putnam,221,Male,Pine siskin,11/14/2003
Kane,222,Male,"Baboon, gelada",10/25/2006
Wilmar,223,Male,Striped hyena,10/1/2001
Ag,224,Female,Violet-eared waxbill,11/12/2015
Belvia,225,Female,Tiger,4/3/2011
Adriana,226,Female,"Hornbill, leadbeateri's ground",8/7/2016
Delia,227,Female,Timber wolf,11/30/2016
Christean,228,Female,Stick insect,8/12/2012
Mick,229,Male,"Jackal, asiatic",10/24/2004
Sutherlan,230,Male,Saddle-billed stork,6/14/2017
Loleta,231,Female,"Salmon, sockeye",8/15/2011
Kiley,232,Female,"Hartebeest, red",6/25/2015
Pamella,233,Female,"Jacana, african",2/15/2011
Ruby,234,Male,Elegant crested tinamou,4/11/2013
Pammy,235,Female,"Legaan, Monitor (unidentified)",12/21/2001
Minetta,236,Female,"Hawk, galapagos",4/3/2013
Tootsie,237,Female,"Nutcracker, clark's",10/19/2003
Bryana,238,Female,Bushbuck,9/16/2014
Dallas,239,Female,Eastern cottontail rabbit,9/29/2006
Cirillo,240,Male,Black curlew,5/16/2006
Wendi,241,Female,African elephant,10/14/2017
Cybil,242,Female,Eastern box turtle,1/28/2008
Raff,243,Male,"Quoll, spotted-tailed",12/13/2017
Alwyn,244,Male,Egyptian viper,12/15/2001
Jesus,245,Male,Two-banded monitor,3/11/2015
Tally,246,Male,Yellow baboon,2/26/2001
Deirdre,247,Female,Southern black-backed gull,9/1/2010
Hayward,248,Male,Harbor seal,3/1/2011
Moselle,249,Female,"Stork, greater adjutant",4/12/2018
Tiertza,250,Female,Black-tailed tree creeper,5/30/2018
Evy,251,Female,Little brown bat,4/10/2012
Rea,252,Female,White-throated toucan,12/21/2009
Babs,253,Female,"Dog, raccoon",4/8/2008
Jenelle,254,Female,"Deer, swamp",7/2/2002
Giulietta,255,Female,"Stork, marabou",4/27/2014
Pat,256,Male,"Reedbuck, bohor",11/16/2008
Elbertine,257,Female,"Lion, mountain",4/30/2005
Erna,258,Female,"Opossum, american virginia",1/28/2006
Roland,259,Male,Blue crane,8/22/2007
Skelly,260,Male,Grey phalarope,3/20/2001
Cameron,261,Male,"Corella, long-billed",6/23/2004
Kirby,262,Male,Egyptian cobra,9/6/2003
Judith,263,Female,Little blue penguin,2/12/2015
Jerry,264,Male,"Eagle, pallas's fish",5/17/2008
Miltie,265,Male,Sable antelope,9/22/2006
Marie-jeanne,266,Female,Giraffe,3/17/2011
Cullan,267,Male,Common long-nosed armadillo,7/4/2014
Viki,268,Female,"Rattlesnake, eastern diamondback",9/24/2009
Cord,269,Male,"Brocket, red",6/3/2016
Carl,270,Male,"Whale, southern right",2/19/2013
Broddy,271,Male,White-tailed deer,12/8/2014
Timofei,272,Male,Argalis,11/4/2002
Gal,273,Male,Red phalarope,5/19/2008
Melesa,274,Female,White rhinoceros,6/16/2014
Dulciana,275,Female,"Goldeneye, common",1/16/2018
Lucienne,276,Female,"Cat, tiger",3/1/2018
Kort,277,Male,"Gecko, tokay",4/28/2004
Cheston,278,Male,Southern tamandua,5/15/2017
Iorgo,279,Male,African porcupine,12/2/2012
Trumann,280,Male,Swainson's francolin,6/29/2003
Ilaire,281,Male,Black-backed magpie,4/2/2006
Alphonse,282,Male,"Insect, stick",12/23/2015
Jewel,283,Female,African jacana,4/3/2018
Teddy,284,Male,Ferruginous hawk,1/1/2009
Theadora,285,Female,"Partridge, coqui",7/11/2006
Druci,286,Female,"Falcon, prairie",5/9/2007
Bryant,287,Male,"Squirrel, european red",9/7/2017
Maje,288,Male,Orca,4/11/2002
Miquela,289,Female,Bent-toed gecko,8/21/2013
Goddart,290,Male,"Stork, white",1/13/2007
Garek,291,Male,"Pheasant, common",12/19/2016
Thacher,292,Male,Ring-tailed coatimundi,2/6/2001
Ario,293,Male,Crab-eating fox,10/25/2004
Jule,294,Male,Hyrax,9/21/2005
Ezri,295,Male,"Pelican, eastern white",4/23/2015
Vasili,296,Male,Orca,2/6/2008
Tatiana,297,Female,"Kangaroo, black-faced",11/25/2009
Regan,298,Female,Common nighthawk,8/17/2016
Lorenza,299,Female,"Robin, white-throated",3/24/2018
Dani,300,Female,Galapagos penguin,8/6/2003
Spense,301,Male,Scarlet macaw,2/4/2004
Allix,302,Female,White-throated kingfisher,4/1/2018
Garfield,303,Male,"Bird, bare-faced go away",4/9/2005
Harper,304,Male,Kirk's dik dik,11/5/2002
Ashlan,305,Female,"Starling, red-shouldered glossy",7/20/2012
Bennett,306,Male,White-winged tern,2/21/2001
Lay,307,Male,"Dragon, asian water",8/8/2015
Elias,308,Male,"Screamer, crested",10/27/2017
Emanuele,309,Male,Crab (unidentified),6/7/2011
Manny,310,Male,"Rattlesnake, dusky",10/25/2009
Jonah,311,Male,Horned puffin,11/28/2010
Cecilius,312,Male,Mudskipper (unidentified),5/4/2013
Gardner,313,Male,"Cat, jungle",8/19/2007
Bevvy,314,Female,"Eagle, long-crested hawk",3/5/2018
Corabella,315,Female,"Dog, raccoon",6/18/2006
Jonie,316,Female,"Jacana, african",6/16/2001
Bonita,317,Female,White-fronted capuchin,12/14/2001
Michal,318,Female,"Cormorant, little",6/19/2013
Bourke,319,Male,"Squirrel, eurasian red",11/5/2014
Danita,320,Female,"Snake, tiger",4/28/2009
Thorn,321,Male,Pine snake (unidentified),7/22/2010
Sandie,322,Female,Egyptian vulture,3/17/2001
Andriana,323,Female,"Skunk, western spotted",5/6/2010
Trueman,324,Male,Fat-tailed dunnart,1/13/2002
Susy,325,Female,Greater flamingo,12/4/2013
Farleigh,326,Male,Asian water buffalo,3/12/2013
Ray,327,Male,Red-cheeked cordon bleu,11/27/2000
Foss,328,Male,"Squirrel, malabar",10/16/2011
Franklyn,329,Male,Black-necked stork,9/27/2017
Coreen,330,Female,Savannah deer,2/25/2019
Gale,331,Female,"Macaw, scarlet",5/22/2015
Kaitlynn,332,Female,"Cormorant, great",7/18/2004
Tamarah,333,Female,"Mongoose, banded",11/2/2011
Domini,334,Female,Cormorant (unidentified),10/31/2013
Patience,335,Female,"Whale, long-finned pilot",10/29/2012
Hartwell,336,Male,Western patch-nosed snake,2/9/2008
Von,337,Male,Orca,10/5/2013
Gilles,338,Male,"Kangaroo, black-faced",5/25/2002
Fons,339,Male,"Gull, kelp",1/11/2007
Silva,340,Female,"Gonolek, burchell's",5/1/2015
Manfred,341,Male,Grey mouse lemur,6/4/2018
Bail,342,Male,Blackbuck,7/6/2002
Earl,343,Male,Rufous tree pie,5/10/2017
Ileane,344,Female,Black-backed jackal,4/22/2019
Gualterio,345,Male,Weeper capuchin,8/3/2013
Shalom,346,Male,"Goose, spur-winged",12/29/2017
Laney,347,Male,Knob-nosed goose,1/8/2011
Perry,348,Female,Dusky rattlesnake,5/27/2012
Thaxter,349,Male,"Duck, blue",4/27/2004
Simone,350,Male,Black swan,6/21/2019
Nikoletta,351,Female,"Otter, canadian river",1/16/2014
Lynea,352,Female,White-rumped vulture,3/18/2016
Wilmer,353,Male,Common grenadier,2/8/2014
Dorothea,354,Female,"Lemur, brown",11/16/2011
Javier,355,Male,"Bird, bare-faced go away",1/1/2011
Janaye,356,Female,"Bear, grizzly",8/15/2004
Kevin,357,Male,Bengal vulture,4/17/2014
Innis,358,Male,Red-winged hawk (unidentified),12/16/2013
Kailey,359,Female,White stork,4/27/2004
Sharl,360,Female,"Hartebeest, coke's",5/31/2010
Tatum,361,Female,Tropical buckeye butterfly,12/24/2016
Zebulon,362,Male,Potoroo,10/7/2001
Osbourn,363,Male,Blue shark,3/27/2017
Doloritas,364,Female,White-headed vulture,8/8/2017
Yorke,365,Male,"Cockatoo, roseate",3/4/2013
Ginnifer,366,Female,White-faced whistling duck,10/21/2010
Hunfredo,367,Male,"Elephant, asian",1/16/2017
Paige,368,Male,Western pygmy possum,11/13/2018
Oswald,369,Male,Vicuna,3/27/2017
Hoebart,370,Male,Little cormorant,11/17/2002
Gwennie,371,Female,Black-throated cardinal,12/20/2007
Gregoor,372,Male,"Falcon, prairie",9/21/2002
Caye,373,Female,"Devil, tasmanian",4/27/2015
Esther,374,Female,"Waxbill, black-cheeked",12/26/2009
Boone,375,Male,Bobcat,9/30/2001
Lark,376,Female,White-faced whistling duck,2/20/2003
Ansell,377,Male,"Dog, black-tailed prairie",1/16/2012
Cosmo,378,Male,Dama wallaby,5/18/2011
Bernice,379,Female,"Booby, blue-footed",8/26/2016
Albertine,380,Female,Tokay gecko,11/16/2005
Clerkclaude,381,Male,North American red fox,8/19/2007
Ashton,382,Male,Nilgai,6/5/2008
Verge,383,Male,"Squirrel, eastern fox",2/14/2017
Arty,384,Male,Radiated tortoise,7/19/2012
Brittan,385,Female,"Bulbul, black-fronted",11/6/2006
Megen,386,Female,"Dove, mourning collared",4/28/2011
Ailbert,387,Male,"Otter, giant",5/18/2016
Linea,388,Female,Eastern quoll,1/12/2003
Chester,389,Male,Hottentot teal,10/8/2006
Gratia,390,Female,Common palm civet,5/31/2008
Tonya,391,Female,Sage grouse,5/20/2016
Miguela,392,Female,"Screamer, southern",3/23/2010
Errick,393,Male,"Blackbird, red-winged",4/15/2008
Isak,394,Male,Secretary bird,7/27/2002
Michale,395,Male,"Dog, raccoon",2/22/2016
Brod,396,Male,Helmeted guinea fowl,12/10/2009
Catriona,397,Female,Malabar squirrel,12/4/2013
Gustavus,398,Male,"Otter, canadian river",2/2/2019
Elka,399,Female,"Gull, lava",2/6/2008
Ricca,400,Female,"Snake, racer",3/14/2013
Riannon,401,Female,Black-cheeked waxbill,10/15/2002
Andee,402,Female,"Pelican, australian",1/22/2017
Giffy,403,Male,"Possum, common brushtail",1/29/2016
Brenda,404,Female,"Sparrow, rufous-collared",2/13/2003
Carmelia,405,Female,Bahama pintail,8/25/2002
Barbra,406,Female,"Dog, black-tailed prairie",1/26/2012
Bradan,407,Male,"Tern, white-winged black",4/25/2019
Dasi,408,Female,"Monkey, red howler",11/28/2008
Deane,409,Female,Herring gull,10/10/2011
Gar,410,Male,Japanese macaque,6/2/2006
Veronika,411,Female,Thirteen-lined squirrel,4/7/2007
Renaud,412,Male,"Crane, blue",12/15/2002
Earl,413,Male,White-faced whistling duck,5/15/2010
Kaleena,414,Female,"Lemur, brown",5/25/2006
Lynette,415,Female,White-throated robin,11/29/2005
Teador,416,Male,Timber wolf,9/4/2004
Camille,417,Female,Crimson-breasted shrike,5/7/2003
Antons,418,Male,"Pintail, bahama",7/7/2014
Sydelle,419,Female,"Admiral, indian red",11/27/2015
Sheena,420,Female,African black crake,6/15/2006
Alida,421,Female,Arctic hare,12/2/2008
Shannah,422,Female,Southern tamandua,11/15/2007
Helenka,423,Female,"Cat, african wild",12/31/2007
Alasdair,424,Male,Alpaca,10/25/2009
Jonathan,425,Male,Common wolf,11/23/2007
Raphael,426,Male,"Langur, hanuman",6/5/2003
Annetta,427,Female,"Buffalo, asian water",11/8/2014
Jermayne,428,Male,Southern boubou,4/14/2009
Alverta,429,Female,"Blackbird, red-winged",10/6/2009
Ondrea,430,Female,"Cow, scottish highland",11/12/2016
Marsiella,431,Female,Snake (unidentified),10/22/2013
Arri,432,Male,Hyrax,1/23/2012
Ainslie,433,Female,"Turtle, eastern box",7/31/2001
Sandie,434,Female,Grey-footed squirrel,5/3/2007
Brade,435,Male,Bird (unidentified),8/14/2011
Hamlin,436,Male,Ring-tailed possum,10/14/2013
Leodora,437,Female,"Deer, roe",12/4/2010
Kin,438,Male,Two-toed tree sloth,12/14/2000
Wit,439,Male,Spotted-tailed quoll,5/23/2006
Ferris,440,Male,"Kiskadee, great",11/2/2005
Levey,441,Male,"Caiman, spectacled",3/31/2002
Tomaso,442,Male,"Lion, galapagos sea",5/12/2004
Leland,443,Male,Ovenbird,7/2/2017
Giavani,444,Male,"Hare, arctic",7/12/2014
Morton,445,Male,Bonnet macaque,3/6/2004
Robinson,446,Male,"Possum, western pygmy",1/6/2004
Johnny,447,Male,Tasmanian devil,8/5/2014
Noak,448,Male,"Spurfowl, yellow-necked",11/11/2012
Lalo,449,Male,"Ass, asiatic wild",3/5/2010
Sheryl,450,Female,Bohor reedbuck,7/6/2009
Philis,451,Female,African wild dog,7/27/2016
Theo,452,Male,Spotted-tailed quoll,2/13/2004
Quintin,453,Male,"Bat, madagascar fruit",7/22/2009
Don,454,Male,Rhesus monkey,7/26/2001
Marvin,455,Male,"Lizard, goanna",4/10/2007
Cullan,456,Male,Openbill stork,1/31/2007
Cara,457,Female,"Goose, canada",12/25/2009
Alethea,458,Female,"Python, carpet",6/20/2001
Ammamaria,459,Female,Cape Barren goose,3/31/2019
Jonis,460,Female,"Grouse, sage",1/24/2014
Tabitha,461,Female,Golden jackal,3/14/2012
Ranna,462,Female,Oriental white-backed vulture,12/17/2004
Krysta,463,Female,Gray rhea,11/13/2005
Wileen,464,Female,Black-cheeked waxbill,9/15/2001
Rey,465,Female,Red-billed toucan,11/1/2003
Lezlie,466,Female,White-necked raven,8/28/2014
Rina,467,Female,Barking gecko,6/20/2017
Tobias,468,Male,"Bear, polar",1/13/2011
Ynez,469,Female,Agouti,2/6/2016
Eberto,470,Male,Southern right whale,8/7/2012
Ebonee,471,Female,"Anteater, giant",3/11/2005
Sybil,472,Female,Jungle cat,7/7/2016
Huntington,473,Male,Mexican wolf,2/16/2004
Gelya,474,Female,"Gecko, tokay",9/13/2018
Garret,475,Male,"Swan, black",4/23/2009
Charin,476,Female,"Eagle, white-bellied sea",10/23/2016
Pate,477,Male,Lappet-faced vulture,5/2/2016
Rozanne,478,Female,"Rat, arboral spiny",9/24/2016
Ralph,479,Male,"Thrasher, curve-billed",5/19/2005
Obidiah,480,Male,"Egret, cattle",2/8/2008
Sophi,481,Female,"Eagle, long-crested hawk",5/1/2010
Alayne,482,Female,Caribou,9/11/2003
Grantley,483,Male,"Shelduck, european",10/12/2005
Dosi,484,Female,Alpaca,4/1/2005
Joceline,485,Female,Helmeted guinea fowl,8/2/2006
Christina,486,Female,"Dog, bush",12/21/2013
Charmain,487,Female,"Lorikeet, scaly-breasted",3/12/2017
Idalia,488,Female,"Marmot, hoary",9/11/2016
Neill,489,Male,Little heron,7/16/2006
Caryn,490,Female,"Lorikeet, scaly-breasted",4/3/2017
Kristan,491,Female,Black-backed magpie,6/17/2006
Merrile,492,Female,"Dragon, komodo",8/4/2001
Somerset,493,Male,"Wallaby, dama",7/23/2012
Curran,494,Male,Aardwolf,7/6/2005
Chev,495,Male,"Magpie, australian",4/15/2012
Trula,496,Female,Ornate rock dragon,7/5/2005
Barde,497,Male,"Elephant, african",6/15/2002
Gerrie,498,Male,Ringtail,12/15/2010
Lenore,499,Female,Barking gecko,8/23/2008
Ansley,500,Female,Woolly-necked stork,9/8/2002
Lothaire,501,Male,"Boa, cook's tree",3/30/2009
Kermie,502,Male,"Genet, common",8/12/2017
Michaelina,503,Female,Common langur,4/22/2002
Lutero,504,Male,"Jackal, asiatic",4/16/2004
Hussein,505,Male,"Dove, mourning collared",7/19/2012
Candra,506,Female,Red-breasted nuthatch,2/15/2010
Goldie,507,Female,"Lemur, grey mouse",7/17/2004
Kelvin,508,Male,Paca,10/30/2018
Farah,509,Female,Striated heron,2/20/2005
Shaylyn,510,Female,Little grebe,5/8/2017
Morris,511,Male,Crowned eagle,11/8/2013
Koo,512,Female,"Wallaby, red-necked",6/26/2008
Joyan,513,Female,"Bulbul, black-eyed",11/11/2012
Etan,514,Male,"Swan, black",3/22/2005
Amandie,515,Female,Slender loris,12/22/2017
Foss,516,Male,Blue-tongued lizard,11/5/2014
Jen,517,Female,"Sheep, american bighorn",1/28/2013
Hermann,518,Male,"Stork, openbill",6/22/2019
Ody,519,Male,"Cat, kaffir",1/6/2015
Dominique,520,Male,Glossy ibis,11/8/2011
Gino,521,Male,Alpaca,4/28/2008
Patrica,522,Female,"Gazelle, grant's",2/26/2010
Portia,523,Female,Sidewinder,10/31/2001
Tatiana,524,Female,Red-billed buffalo weaver,5/10/2007
Fiann,525,Female,Azara's zorro,2/15/2008
Marjorie,526,Female,Snowy owl,7/28/2007
Cassy,527,Female,"Goose, cereopsis",8/28/2011
Siusan,528,Female,"Stilt, black-winged",8/22/2012
Nicolis,529,Male,Tayra,6/16/2008
Julian,530,Male,Cook's tree boa,12/25/2002
Dusty,531,Female,Lesser double-collared sunbird,12/18/2002
Drusilla,532,Female,"Crane, black-crowned",5/13/2006
Mignon,533,Female,Great cormorant,6/16/2017
Virgilio,534,Male,Southern hairy-nosed wombat,11/23/2015
Ansell,535,Male,"Dolphin, bottle-nose",4/3/2007
Lothario,536,Male,"Colobus, magistrate black",4/18/2002
Elmore,537,Male,Magellanic penguin,4/9/2015
Sal,538,Female,"Spider, wolf",6/25/2017
Ashlan,539,Female,"Tortoise, desert",5/7/2003
De,540,Female,Magnificent frigate bird,12/29/2013
Dom,541,Male,Red squirrel,12/28/2014
Antoni,542,Male,Sloth bear,5/17/2002
Humberto,543,Male,Roan antelope,2/18/2004
Tabor,544,Male,Eastern cottontail rabbit,6/28/2012
Bertie,545,Male,"Quoll, spotted-tailed",5/13/2016
Edgar,546,Male,Large-eared bushbaby,2/15/2013
Leshia,547,Female,Nile crocodile,3/24/2007
Humberto,548,Male,"Cormorant, neotropic",8/7/2008
Marget,549,Female,"Barbet, levaillant's",3/16/2005
Maureen,550,Female,South American meadowlark (unidentified),3/3/2003
Clementina,551,Female,"Badger, european",6/5/2002
Lemar,552,Male,"Penguin, magellanic",11/3/2010
Arel,553,Male,Stick insect,8/27/2007
Claretta,554,Female,"Lemming, arctic",5/12/2017
Zsazsa,555,Female,Dingo,4/24/2018
Cassandry,556,Female,Barrows goldeneye,9/27/2003
Barry,557,Female,Long-crested hawk eagle,7/1/2001
Bradan,558,Male,"Whale, long-finned pilot",4/17/2008
Rooney,559,Male,Black-capped chickadee,10/4/2001
Millard,560,Male,Seven-banded armadillo,11/4/2015
Torr,561,Male,Pied kingfisher,7/28/2013
Rudolfo,562,Male,"Thrasher, curve-billed",12/28/2011
Jany,563,Female,Dama wallaby,12/6/2009
Micky,564,Female,Paddy heron (unidentified),9/19/2000
Aubrey,565,Female,"Hyena, spotted",9/20/2015
Rebeka,566,Female,"Squirrel, red",1/11/2009
Eda,567,Female,Madagascar fruit bat,7/27/2002
Michael,568,Male,"Armadillo, nine-banded",12/21/2014
Celia,569,Female,Tawny frogmouth,8/12/2002
Katleen,570,Female,Ornate rock dragon,4/27/2009
Abba,571,Male,Four-horned antelope,7/10/2017
Colline,572,Female,Agile wallaby,6/30/2008
Eleni,573,Female,Snake (unidentified),7/27/2012
Felipe,574,Male,Mourning collared dove,7/4/2001
Benedicto,575,Male,"Racer, american",7/28/2013
Julissa,576,Female,Black-tailed prairie dog,3/9/2003
Gabi,577,Female,"Marten, american",12/7/2004
Filberto,578,Male,"Possum, ring-tailed",2/8/2010
Duffie,579,Male,Giant anteater,8/22/2012
Alisander,580,Male,Ornate rock dragon,8/19/2018
Becka,581,Female,"Jackal, black-backed",9/2/2006
Wendye,582,Female,Common palm civet,7/4/2005
Wainwright,583,Male,Savannah deer (unidentified),1/30/2011
Ryon,584,Male,Blue-faced booby,12/3/2000
Nanni,585,Female,Japanese macaque,5/14/2003
Christoffer,586,Male,Andean goose,5/15/2006
Cati,587,Female,Small Indian mongoose,9/22/2017
Corry,588,Female,Galapagos dove,8/15/2002
Egan,589,Male,Indian red admiral,11/7/2004
Dag,590,Male,"Antelope, sable",10/4/2012
Lenard,591,Male,Eastern white pelican,6/30/2018
Moyna,592,Female,Plains zebra,9/30/2015
Nick,593,Male,Emu,4/3/2008
Aleksandr,594,Male,Bleeding heart monkey,10/22/2004
Lukas,595,Male,"Crow, house",6/25/2011
Boonie,596,Male,Cobra (unidentified),8/14/2016
Carce,597,Male,Numbat,7/2/2016
Minnnie,598,Female,"Otter, small-clawed",6/19/2005
Glyn,599,Female,Snowy owl,4/19/2008
Herschel,600,Male,Serval,4/2/2019
Timmy,601,Male,Eastern indigo snake,9/19/2005
Elberta,602,Female,"Plover, blacksmith",5/31/2007
Cassondra,603,Female,"Ferret, black-footed",2/14/2018
Gretna,604,Female,Horned puffin,2/24/2004
Xylia,605,Female,"Wallaby, bennett's",9/11/2013
Antonin,606,Male,"Wallaby, river",4/2/2014
Jack,607,Male,Greater flamingo,5/22/2001
Adi,608,Female,Thomson's gazelle,4/4/2014
Edgardo,609,Male,"Squirrel, eurasian red",10/5/2015
Friedrick,610,Male,Snowy egret,1/6/2001
Marion,611,Male,Nilgai,8/28/2003
Lorrie,612,Male,Cape white-eye,8/18/2002
Valentia,613,Female,"Lemur, grey mouse",10/28/2004
Marna,614,Female,Japanese macaque,2/7/2002
Harcourt,615,Male,"Gorilla, western lowland",2/24/2002
Sibel,616,Female,Golden eagle,6/16/2018
Jarib,617,Male,"Antechinus, brown",6/19/2009
Earvin,618,Male,Southern boubou,11/20/2002
Brina,619,Female,"Marshbird, brown and yellow",1/22/2014
Legra,620,Female,"Tortoise, indian star",5/13/2015
Roderigo,621,Male,"Pintail, white-cheeked",12/31/2010
Harry,622,Male,"Macaw, scarlet",6/25/2018
Granthem,623,Male,Yellow-throated sandgrouse,8/7/2015
Germain,624,Male,"Pintail, white-cheeked",10/3/2000
Dory,625,Male,"Bleu, red-cheeked cordon",9/9/2017
Vitoria,626,Female,Greater blue-eared starling,11/15/2018
Edmund,627,Male,Little cormorant,4/18/2014
Sanders,628,Male,Water monitor,6/29/2017
Dani,629,Male,White-tailed deer,3/6/2017
Francisco,630,Male,Violet-crested turaco,1/23/2005
Cass,631,Male,European badger,2/23/2001
Cathee,632,Female,"Sifaka, verreaux's",5/14/2002
Josiah,633,Male,Asian elephant,11/23/2012
Floris,634,Female,"Corella, long-billed",7/7/2007
Vaughn,635,Male,White-throated robin,7/22/2017
Cassie,636,Male,"Nuthatch, red-breasted",1/24/2011
Demetre,637,Male,Gemsbok,1/28/2003
Ashlin,638,Male,"Loris, slender",9/6/2007
Jonah,639,Male,"Gull, southern black-backed",6/19/2004
Berti,640,Male,"Eagle, tawny",9/28/2010
Muffin,641,Female,Black-crowned night heron,3/4/2002
Noak,642,Male,Yak,8/25/2003
Flossy,643,Female,"Mongoose, eastern dwarf",12/11/2017
Saunderson,644,Male,"White-eye, cape",10/21/2004
Caressa,645,Female,"Pademelon, red-legged",7/22/2011
Klement,646,Male,"Squirrel, uinta ground",4/1/2012
Mack,647,Male,"Seal, southern elephant",12/29/2008
Shanda,648,Female,"Roller, lilac-breasted",2/25/2002
Sarene,649,Female,Oriental short-clawed otter,3/9/2010
Callida,650,Female,Common pheasant,5/23/2009
Anallise,651,Female,Yellow baboon,5/18/2016
Reggie,652,Female,Tree porcupine,2/25/2004
Nathanial,653,Male,Vine snake (unidentified),12/13/2017
Aarika,654,Female,"Kangaroo, eastern grey",4/13/2013
Lee,655,Male,Burmese black mountain tortoise,1/31/2015
Nobe,656,Male,"Goldeneye, common",6/6/2012
Marlowe,657,Male,Northern elephant seal,4/5/2017
Danette,658,Female,Greylag goose,12/12/2010
Norrie,659,Female,"Grouse, sage",2/9/2001
Joachim,660,Male,Levaillant's barbet,5/18/2008
Zechariah,661,Male,Mountain duck,6/7/2008
Marlow,662,Male,Four-spotted skimmer,12/14/2016
Yolane,663,Female,Thirteen-lined squirrel,3/22/2009
Ardys,664,Female,Radiated tortoise,5/3/2002
Hanson,665,Male,Barrows goldeneye,5/16/2015
Zachery,666,Male,Yellow mongoose,9/19/2016
Annis,667,Female,Gerbil (unidentified),8/5/2016
Leshia,668,Female,Dromedary camel,8/14/2003
Izak,669,Male,"Bear, black",3/30/2015
Sibby,670,Female,"Otter, brazilian",8/24/2015
Lennard,671,Male,"Tortoise, desert",11/17/2012
Natividad,672,Female,"Goose, spur-winged",2/28/2012
Zacharie,673,Male,"Vulture, king",9/24/2001
Paxon,674,Male,"Cat, ringtail",3/9/2017
Gabbie,675,Female,Striped skunk,4/18/2014
Anatol,676,Male,"Tortoise, indian star",7/18/2006
Geraldine,677,Female,Pied kingfisher,4/16/2017
Somerset,678,Male,Chacma baboon,9/9/2007
Toddie,679,Male,Black-crowned crane,8/26/2012
Jean,680,Female,"Cat, miner's",7/18/2016
Seymour,681,Male,"Porcupine, african",4/16/2013
Jennica,682,Female,African polecat,7/18/2006
Rowe,683,Female,"Hornbill, leadbeateri's ground",10/2/2001
Lucias,684,Male,Bennett's wallaby,1/25/2015
Olimpia,685,Female,Egyptian viper,6/13/2002
Bernete,686,Female,"Snake, western patch-nosed",8/16/2006
Janet,687,Female,"Fox, bat-eared",11/13/2013
Stephana,688,Female,"Siskin, yellow-rumped",6/15/2012
Abdul,689,Male,"Bandicoot, short-nosed",11/24/2012
Augustina,690,Female,"Stork, openbill",8/12/2014
Vincents,691,Male,"Goose, egyptian",2/1/2012
Morgan,692,Male,"Pheasant, ring-necked",3/20/2009
Alena,693,Female,Chacma baboon,8/31/2009
Emlen,694,Male,"Eagle, tawny",9/22/2004
Ailee,695,Female,Black bear,3/29/2017
Iosep,696,Male,"Cockatoo, slender-billed",11/19/2012
Rhona,697,Female,European spoonbill,3/5/2001
Mic,698,Male,Pampa gray fox,9/23/2013
Filia,699,Female,Arctic tern,10/19/2013
Dav,700,Male,"Trotter, lily",10/31/2010
Jarib,701,Male,"Squirrel, red",6/29/2013
Harlin,702,Male,African elephant,5/31/2018
Bat,703,Male,"Eagle, crowned",3/23/2018
Dari,704,Female,Red-winged blackbird,4/10/2013
Caril,705,Female,"Devil, tasmanian",5/28/2011
Aleece,706,Female,"Porcupine, crested",6/10/2014
Pryce,707,Male,"Bleu, blue-breasted cordon",12/30/2018
Maudie,708,Female,Ornate rock dragon,9/18/2000
Glenden,709,Male,Sea birds (unidentified),5/14/2002
Sheilah,710,Female,North American beaver,6/5/2006
Courtney,711,Female,"Falcon, peregrine",11/14/2001
Chris,712,Male,Blesbok,7/30/2004
Jyoti,713,Female,"Starling, superb",7/6/2001
Filippo,714,Male,Bird (unidentified),7/15/2001
Durante,715,Male,Cape fox,4/8/2014
Joni,716,Female,"Egret, great",5/17/2015
Massimo,717,Male,Saddle-billed stork,10/19/2002
Zared,718,Male,"Monster, gila",2/20/2008
Harland,719,Male,"Snake, green vine",5/14/2014
Christalle,720,Female,American alligator,5/3/2007
Meir,721,Male,"Curlew, black",10/31/2006
Bianka,722,Female,"Spurfowl, yellow-necked",3/31/2001
Westley,723,Male,Galapagos penguin,6/6/2017
Addy,724,Male,Brown capuchin,1/31/2017
Teador,725,Male,"Tern, white-winged black",8/20/2002
Denise,726,Female,White-winged black tern,5/10/2013
Hercule,727,Male,Woodrat (unidentified),2/2/2010
Quentin,728,Female,Sarus crane,5/10/2007
Haydon,729,Male,American woodcock,7/20/2016
Oswald,730,Male,"Cockatoo, sulfur-crested",9/29/2002
Erv,731,Male,Eastern white pelican,1/27/2010
Burg,732,Male,Red-breasted cockatoo,6/12/2007
Gabbie,733,Female,Blesbok,6/7/2002
Alyda,734,Female,Giant anteater,7/28/2018
Brittani,735,Female,"Bat, asian false vampire",12/3/2004
Gene,736,Female,King cormorant,6/22/2009
Burnard,737,Male,Brindled gnu,4/12/2010
Allyson,738,Female,Dabchick,8/27/2007
Harris,739,Male,"Monster, gila",12/10/2001
Hali,740,Female,Brown lemur,3/21/2017
Darb,741,Male,"Deer, swamp",12/16/2017
Charleen,742,Female,Woodrat (unidentified),11/19/2009
Maurie,743,Male,Pied cormorant,7/5/2014
Danyelle,744,Female,"Heron, green",8/5/2012
Kissiah,745,Female,Asian foreset tortoise,2/10/2006
Paulie,746,Female,"Gecko, tokay",1/19/2019
Cristionna,747,Female,"Lion, steller sea",7/23/2014
Ashla,748,Female,"Crane, sarus",10/3/2008
Vachel,749,Male,"Pigeon, wood",2/24/2006
Andrus,750,Male,"Cat, miner's",10/8/2011
Wilbert,751,Male,Water legaan,7/25/2014
Marleah,752,Female,"Lion, australian sea",6/3/2003
Willa,753,Female,"Possum, pygmy",8/14/2003
Sanders,754,Male,North American red fox,4/2/2002
Zed,755,Male,Green vine snake,6/15/2017
Averyl,756,Female,"Monitor, water",7/31/2014
Korey,757,Male,Common duiker,6/9/2001
Ferne,758,Female,Tiger,6/22/2006
Keely,759,Female,Ringtail cat,11/23/2000
Ivar,760,Male,"Fox, pampa gray",12/3/2012
Ulrikaumeko,761,Female,"Crane, sarus",3/12/2011
Alyosha,762,Male,"Snake, carpet",5/2/2004
Mischa,763,Male,"Rabbit, eastern cottontail",11/4/2003
Paxton,764,Male,"Cockatoo, long-billed",5/24/2002
Ericha,765,Female,Rufous-collared sparrow,5/30/2013
Madelyn,766,Female,Blackbuck,1/19/2011
Nessi,767,Female,Prehensile-tailed porcupine,10/28/2008
Braden,768,Male,Giant girdled lizard,2/7/2018
Jasun,769,Male,"Kangaroo, brush-tailed rat",7/3/2004
Joelle,770,Female,Blue-tongued skink,11/17/2007
Opalina,771,Female,"Lion, steller's sea",4/16/2019
Avrit,772,Female,"Whale, killer",8/1/2003
Ada,773,Female,Oriental white-backed vulture,2/9/2002
Garret,774,Male,"Albatross, galapagos",2/7/2006
Lonny,775,Male,Australian pelican,1/22/2006
Stevy,776,Male,"Caracara, yellow-headed",6/30/2009
Kevina,777,Female,Snake-necked turtle,6/7/2010
Karoly,778,Male,"Snake, green vine",1/29/2005
Maxim,779,Male,Scarlet macaw,2/6/2019
Rodolfo,780,Male,"Wambenger, red-tailed",2/11/2015
Effie,781,Female,Common grenadier,6/12/2001
Wolf,782,Male,Mississippi alligator,12/16/2002
Clarine,783,Female,Little heron,8/19/2006
Kenton,784,Male,"Thrasher, curve-billed",5/29/2006
Israel,785,Male,Mudskipper (unidentified),8/16/2005
Jordan,786,Female,"Phalarope, northern",10/15/2004
Zolly,787,Male,Australian masked owl,2/5/2018
Husein,788,Male,White spoonbill,6/9/2015
Ertha,789,Female,Cape fox,2/21/2010
Jehanna,790,Female,Galapagos penguin,10/17/2008
Bordy,791,Male,"Falcon, prairie",3/4/2003
Clare,792,Male,"Nutcracker, clark's",6/5/2011
Crissy,793,Female,"Fox, pampa gray",10/7/2018
Harmony,794,Female,"Stork, jabiru",12/24/2017
Randa,795,Female,Tayra,4/22/2006
Mathilda,796,Female,"Lemming, collared",7/15/2016
Ranee,797,Female,"White-eye, cape",9/24/2010
Dalis,798,Male,Australian brush turkey,6/11/2004
Joycelin,799,Female,Fork-tailed drongo,4/8/2002
Alida,800,Female,"Civet, small-toothed palm",3/18/2012
Dalia,801,Female,"Heron, goliath",8/26/2018
Fair,802,Male,"Deer, black-tailed",5/9/2011
Aile,803,Female,"Fox, cape",3/27/2008
Claiborne,804,Male,"Puma, south american",3/22/2001
Clemmie,805,Male,"Macaw, scarlet",8/2/2014
Padget,806,Male,Yellow-rumped siskin,4/19/2007
Garreth,807,Male,"Zebra, common",8/28/2012
Arlee,808,Female,"Goose, andean",7/30/2004
Jack,809,Male,Mexican wolf,5/26/2006
Corly,810,Female,"Deer, mule",8/6/2003
Brier,811,Female,"Cardinal, black-throated",5/9/2014
Jamima,812,Female,Blue-tongued lizard,11/28/2005
Flynn,813,Male,Crowned hawk-eagle,5/3/2014
Stormy,814,Female,Sage grouse,8/12/2008
Nicolais,815,Male,Tawny eagle,11/16/2001
Gerard,816,Male,Blackbuck,1/2/2016
Leeann,817,Female,Common brushtail possum,8/21/2006
Elfrieda,818,Female,"Bear, polar",10/22/2013
Roma,819,Male,Elegant crested tinamou,4/7/2018
Frants,820,Male,South American meadowlark (unidentified),12/2/2005
Ricardo,821,Male,"Weaver, chestnut",1/25/2001
Hart,822,Male,Southern black-backed gull,1/30/2004
Sayer,823,Male,American bighorn sheep,6/5/2019
Gipsy,824,Female,Tawny eagle,3/28/2005
Moises,825,Male,"Rat, desert kangaroo",8/4/2019
Isa,826,Male,Indian tree pie,12/20/2012
Nap,827,Male,"White-eye, cape",4/15/2004
Tani,828,Female,"Siskin, pine",9/7/2001
Maggee,829,Female,African porcupine,9/2/2010
Andie,830,Female,"Porcupine, african",1/17/2012
Bord,831,Male,"Crocodile, nile",6/14/2017
Rriocard,832,Male,"Squirrel, pine",7/15/2019
Floris,833,Female,Galapagos sea lion,9/19/2008
Ashlan,834,Female,"Meerkat, red",2/2/2006
Baryram,835,Male,"Mouse, four-striped grass",7/2/2003
Celine,836,Female,"Bird, red-billed tropic",4/14/2019
Dom,837,Male,Cottonmouth,7/2/2016
Ashlen,838,Female,Huron,10/11/2008
Leroy,839,Male,"Capuchin, brown",1/19/2008
Sascha,840,Male,Pacific gull,3/14/2011
Fabe,841,Male,Ring-necked pheasant,11/24/2016
Horatius,842,Male,Southern sea lion,3/31/2015
Jude,843,Male,Thomson's gazelle,2/10/2014
Kassey,844,Female,Small-spotted genet,1/18/2007
Bert,845,Female,Civet cat,5/29/2004
Danice,846,Female,"Bandicoot, short-nosed",4/9/2012
Tasha,847,Female,Collared lemming,11/8/2006
Reuven,848,Male,Black-capped capuchin,9/5/2013
Davy,849,Male,American Virginia opossum,8/29/2011
Uriah,850,Male,"Crake, african black",1/6/2013
Osborne,851,Male,Tayra,9/27/2017
Sheree,852,Female,"Gull, southern black-backed",4/27/2018
Marti,853,Female,"Bushbaby, large-eared",1/8/2003
Eugenie,854,Female,Tiger cat,1/26/2008
Robers,855,Male,Common shelduck,11/5/2012
Janina,856,Female,Gray langur,7/19/2002
Wayland,857,Male,American Virginia opossum,12/1/2014
Chucho,858,Male,Egyptian viper,4/28/2006
Cassie,859,Male,Pied kingfisher,3/28/2002
Candace,860,Female,"Deer, roe",4/28/2007
Mirella,861,Female,Western pygmy possum,3/10/2010
Ollie,862,Male,"Jackal, asiatic",4/4/2011
Cristie,863,Female,Grey phalarope,2/12/2015
Aila,864,Female,"Booby, masked",1/30/2013
Becki,865,Female,Gemsbok,9/10/2007
Eugenio,866,Male,Mountain duck,7/24/2012
Theodoric,867,Male,Southern tamandua,6/25/2006
Chilton,868,Male,Four-horned antelope,10/23/2014
Lesly,869,Female,African fish eagle,8/18/2012
Nari,870,Female,Black-collared barbet,7/8/2005
Letti,871,Female,"Lizard, blue-tongued",2/23/2010
Rora,872,Female,"Dog, african wild",4/9/2010
Enrika,873,Female,Snake-necked turtle,1/14/2018
Allan,874,Male,Raccoon dog,5/21/2003
Oralle,875,Female,"Colobus, magistrate black",6/9/2003
Rayshell,876,Female,Black-fronted bulbul,6/11/2012
Robinson,877,Male,"Turtle, snake-necked",10/26/2009
Cleon,878,Male,Roseat flamingo,12/17/2012
Ban,879,Male,Common genet,2/10/2003
Gary,880,Male,White-throated monitor,6/29/2015
Reinaldo,881,Male,"Deer, black-tailed",4/20/2008
Clevey,882,Male,Cottonmouth,7/8/2004
Lorianne,883,Female,"Squirrel, antelope ground",4/9/2013
Arne,884,Male,Indian jackal,5/4/2019
Sheila-kathryn,885,Female,"Weaver, sociable",3/14/2004
Dasya,886,Female,"Turtle, eastern box",7/1/2018
Maurie,887,Male,Yellow-throated sandgrouse,8/6/2013
Riordan,888,Male,White-faced whistling duck,2/14/2017
Olav,889,Male,"Lark, horned",1/29/2019
Woodrow,890,Male,African buffalo,10/21/2009
Anne-marie,891,Female,Hanuman langur,6/16/2005
Goddart,892,Male,Hippopotamus,5/8/2004
Christye,893,Female,"Squirrel, african bush",7/19/2009
Pyotr,894,Male,"Wallaby, tammar",8/30/2017
Brietta,895,Female,"Colobus, black and white",4/29/2010
Hetti,896,Female,Sambar,12/12/2011
Thurstan,897,Male,"Siskin, pine",1/25/2017
Gigi,898,Female,"Rattlesnake, horned",10/21/2010
Randolph,899,Male,"Lemur, brown",6/4/2005
Winnah,900,Female,"Stork, marabou",4/14/2003
Codi,901,Female,"Tortoise, burmese black mountain",4/19/2010
Athene,902,Female,"Bird, black-throated butcher",2/28/2007
Stanislaw,903,Male,Dassie,3/19/2008
Jon,904,Male,"Swan, trumpeter",3/2/2002
Sheree,905,Female,Blue and gold macaw,2/5/2010
Brion,906,Male,Long-necked turtle,1/21/2001
Niki,907,Female,Lesser flamingo,5/9/2005
Vite,908,Male,Dusky gull,4/13/2019
Olly,909,Male,Long-crested hawk eagle,3/3/2002
Archie,910,Male,Margay,7/30/2016
Olly,911,Female,Desert spiny lizard,9/25/2008
Donni,912,Female,"Possum, common brushtail",6/15/2010
Davy,913,Male,"Cardinal, red-capped",8/1/2004
Stephine,914,Female,"Rattlesnake, dusky",4/25/2004
Herman,915,Male,Eastern box turtle,4/30/2012
Gan,916,Male,"Gecko, barking",8/28/2007
Katya,917,Female,"Chickadee, black-capped",3/1/2007
Nels,918,Male,"Grebe, little",7/15/2013
Stephani,919,Female,"Penguin, galapagos",11/9/2017
Dulsea,920,Female,Brush-tailed rat kangaroo,8/13/2001
Gaylord,921,Male,Indian mynah,2/9/2008
Janith,922,Female,"Duiker, common",4/24/2016
Wright,923,Male,Emu,8/11/2002
Marje,924,Female,"Squirrel, eastern fox",9/11/2013
Parsifal,925,Male,"Jackal, asiatic",3/14/2006
Grace,926,Male,"Pelican, australian",6/3/2016
Hulda,927,Female,"Weaver, chestnut",4/25/2004
Wenona,928,Female,Paddy heron (unidentified),4/28/2003
Legra,929,Female,"Weaver, sociable",10/27/2016
Domenic,930,Male,Cougar,11/6/2000
Morey,931,Male,Asian red fox,11/30/2007
Thane,932,Male,Black-eyed bulbul,2/10/2013
Joe,933,Male,"Ass, asiatic wild",10/16/2018
Sheffield,934,Male,"Kangaroo, red",11/24/2013
Warner,935,Male,European wild cat,8/11/2016
Lizzie,936,Female,Crown of thorns starfish,1/18/2019
Gilligan,937,Female,Roe deer,6/25/2005
Linnell,938,Female,Blue crane,1/30/2003
Aigneis,939,Female,Springbok,4/16/2008
Simeon,940,Male,White-rumped vulture,7/7/2002
Luisa,941,Female,Black-capped chickadee,8/20/2017
Consuelo,942,Female,European wild cat,1/10/2002
Dewey,943,Male,"Bat, little brown",1/11/2018
Nestor,944,Male,"Mongoose, eastern dwarf",12/14/2013
Merralee,945,Female,Ferruginous hawk,7/28/2005
Elfrida,946,Female,Tailless tenrec,3/12/2006
Clovis,947,Female,"Mynah, indian",4/29/2015
Corney,948,Male,White-fronted bee-eater,2/1/2006
Ward,949,Male,Chameleon (unidentified),2/10/2004
Pen,950,Male,River wallaby,6/27/2017
La verne,951,Female,"Lapwing, southern",1/31/2010
Rosalinda,952,Female,"Hyena, striped",11/2/2008
Darcey,953,Female,"Wombat, common",9/8/2011
Mela,954,Female,Red-necked wallaby,6/21/2016
Jerrilyn,955,Female,Grey heron,7/19/2019
Dante,956,Male,Chital,4/22/2018
Rickie,957,Male,Great skua,10/1/2009
Keene,958,Male,"Heron, giant",8/19/2011
Pat,959,Female,American woodcock,9/15/2007
Steve,960,Male,Giraffe,10/6/2001
Irena,961,Female,"Coatimundi, white-nosed",10/25/2001
Cherice,962,Female,White-throated kingfisher,10/18/2009
Ludwig,963,Male,"Pigeon, wood",8/27/2004
Lavinie,964,Female,"Kangaroo, western grey",6/5/2016
Francklyn,965,Male,"Hawk, ferruginous",7/11/2004
Normand,966,Male,Greater sage grouse,5/30/2019
Adena,967,Female,King vulture,7/7/2012
Ellette,968,Female,Cape fox,1/6/2002
Giulia,969,Female,Caracal,7/14/2005
Kattie,970,Female,"Dog, black-tailed prairie",11/3/2017
Rice,971,Male,"Lark, horned",7/20/2011
Melissa,972,Female,Swallow (unidentified),4/8/2007
Magdaia,973,Female,Horned lark,1/20/2013
Cris,974,Female,Black-tailed tree creeper,1/28/2019
Gilli,975,Female,African bush squirrel,5/29/2005
Em,976,Male,"Jackal, asiatic",10/3/2008
Maurine,977,Female,"Owl, australian masked",2/7/2006
Dixie,978,Female,"Marten, american",4/12/2018
Law,979,Male,Blue catfish,5/23/2010
Rolando,980,Male,"Parrot, hawk-headed",12/11/2012
Eden,981,Female,White stork,8/27/2008
Stephie,982,Female,Nile crocodile,11/7/2018
Terrill,983,Male,Silver-backed jackal,2/7/2005
Sky,984,Male,Malabar squirrel,5/4/2019
Boote,985,Male,"Gecko, bent-toed",12/11/2005
Albrecht,986,Male,"Waterbuck, common",9/25/2004
Joyan,987,Female,Gambel's quail,8/4/2018
Briggs,988,Male,"Mouse, four-striped grass",9/24/2006
Myrta,989,Female,"Jackrabbit, white-tailed",11/5/2009
Ahmed,990,Male,Palm squirrel,1/25/2010
Nadia,991,Female,Paradoxure,1/25/2018
Corissa,992,Female,"Phalarope, red-necked",5/25/2007
Byram,993,Male,Agama lizard (unidentified),4/17/2017
Alicia,994,Female,Spotted deer,11/26/2011
Flss,995,Female,Nelson ground squirrel,7/31/2007
Tyson,996,Male,"Rat, white-faced tree",8/20/2018
Angeli,997,Male,Leadbeateri's ground hornbill,7/22/2006
Munroe,998,Male,Masked booby,6/30/2010
Faustina,999,Female,"Porcupine, tree",1/19/2013
Lexine,1000,Female,Bottle-nose dolphin,2/26/2019
